analise_id,quantitativo,analise_data,trecho_id,trecho_nome,trecho_descricao,estacao,latitude,longitude,periodicidade,fonte,excluido,municipio_id,municipio_nome
332,0,2026-05-14 13:43:29,1,Barra do Guajú,Em frente a desembocadura do Rio Guajú,01.01,-6.490567,-34.968033,2,0,0,1,Mataraca
334,0,2026-05-14 13:43:30,1,Barra do Guajú,Em frente a desembocadura do Rio Guajú,01.01,-6.490567,-34.968033,2,0,0,1,Mataraca
336,0,2026-05-14 13:43:31,1,Barra do Guajú,Em frente a desembocadura do Rio Guajú,01.01,-6.490567,-34.968033,2,0,0,1,Mataraca
743,0,2026-05-14 14:55:40,1,Barra do Guajú,Em frente a desembocadura do Rio Guajú,01.01,-6.490567,-34.968033,2,0,0,1,Mataraca
865,2,2026-05-14 15:10:02,1,Barra do Guajú,Em frente a desembocadura do Rio Guajú,01.01,-6.490567,-34.968033,2,0,0,1,Mataraca
1613,2,2026-07-29 14:42:27,1,Barra do Guajú,Em frente a desembocadura do Rio Guajú,01.01,-6.490567,-34.968033,2,0,0,1,Mataraca
1,0,2026-05-14 11:59:02,2,Pavuna,Em frente a Lagoa da Pavuna,01.00,-6.544061,-34.966836,2,0,0,1,Mataraca
96,0,2026-05-14 13:14:38,2,Pavuna,Em frente a Lagoa da Pavuna,01.00,-6.544061,-34.966836,2,0,0,1,Mataraca
97,0,2026-05-14 13:14:39,2,Pavuna,Em frente a Lagoa da Pavuna,01.00,-6.544061,-34.966836,2,0,0,1,Mataraca
98,0,2026-05-14 13:14:40,2,Pavuna,Em frente a Lagoa da Pavuna,01.00,-6.544061,-34.966836,2,0,0,1,Mataraca
99,0,2026-05-14 13:14:41,2,Pavuna,Em frente a Lagoa da Pavuna,01.00,-6.544061,-34.966836,2,0,0,1,Mataraca
1427,0,2026-06-19 10:26:01,2,Pavuna,Em frente a Lagoa da Pavuna,01.00,-6.544061,-34.966836,2,0,0,1,Mataraca
337,0,2026-05-14 13:43:33,3,Baleia,No final do acesso à praia da Rua Valfredo Medeiros,01.01 A,-6.595639,-34.966328,2,0,0,1,Mataraca
339,0,2026-05-14 13:43:34,3,Baleia,No final do acesso à praia da Rua Valfredo Medeiros,01.01 A,-6.595639,-34.966328,2,0,0,1,Mataraca
341,0,2026-05-14 13:43:36,3,Baleia,No final do acesso à praia da Rua Valfredo Medeiros,01.01 A,-6.595639,-34.966328,2,0,0,1,Mataraca
744,10,2026-05-14 14:55:42,3,Baleia,No final do acesso à praia da Rua Valfredo Medeiros,01.01 A,-6.595639,-34.966328,2,0,0,1,Mataraca
866,2,2026-05-14 15:10:05,3,Baleia,No final do acesso à praia da Rua Valfredo Medeiros,01.01 A,-6.595639,-34.966328,2,0,0,1,Mataraca
1041,30,2026-05-14 15:25:13,3,Baleia,No final do acesso à praia da Rua Valfredo Medeiros,01.01 A,-6.595639,-34.966328,2,0,0,1,Mataraca
1150,14,2026-05-14 15:34:17,3,Baleia,No final do acesso à praia da Rua Valfredo Medeiros,01.01 A,-6.595639,-34.966328,2,0,0,1,Mataraca
1426,0,2026-06-19 10:26:00,3,Baleia,No final do acesso à praia da Rua Valfredo Medeiros,01.01 A,-6.595639,-34.966328,2,0,0,1,Mataraca
1567,0,2026-07-17 11:31:46,3,Baleia,No final do acesso à praia da Rua Valfredo Medeiros,01.01 A,-6.595639,-34.966328,2,0,0,1,Mataraca
1612,16,2026-07-29 14:42:27,3,Baleia,No final do acesso à praia da Rua Valfredo Medeiros,01.01 A,-6.595639,-34.966328,2,0,0,1,Mataraca
342,0,2026-05-14 13:43:39,4,Barra de Caramatuba,Foz do Rio Camaratuba,01.02,-6.602053,-34.965825,2,0,0,1,Mataraca
344,0,2026-05-14 13:43:40,4,Barra de Caramatuba,Foz do Rio Camaratuba,01.02,-6.602053,-34.965825,2,0,0,1,Mataraca
345,0,2026-05-14 13:43:41,4,Barra de Caramatuba,Foz do Rio Camaratuba,01.02,-6.602053,-34.965825,2,0,0,1,Mataraca
745,4,2026-05-14 14:55:46,4,Barra de Caramatuba,Foz do Rio Camaratuba,01.02,-6.602053,-34.965825,2,0,0,1,Mataraca
867,24,2026-05-14 15:10:07,4,Barra de Caramatuba,Foz do Rio Camaratuba,01.02,-6.602053,-34.965825,2,0,0,1,Mataraca
1042,170,2026-05-14 15:25:15,4,Barra de Caramatuba,Foz do Rio Camaratuba,01.02,-6.602053,-34.965825,2,0,0,1,Mataraca
1151,152,2026-05-14 15:34:19,4,Barra de Caramatuba,Foz do Rio Camaratuba,01.02,-6.602053,-34.965825,2,0,0,1,Mataraca
1425,6,2026-06-19 10:25:59,4,Barra de Caramatuba,Foz do Rio Camaratuba,01.02,-6.602053,-34.965825,2,0,0,1,Mataraca
1566,236,2026-07-17 11:31:46,4,Barra de Caramatuba,Foz do Rio Camaratuba,01.02,-6.602053,-34.965825,2,0,0,1,Mataraca
1611,16,2026-07-29 14:42:26,4,Barra de Caramatuba,Foz do Rio Camaratuba,01.02,-6.602053,-34.965825,2,0,0,1,Mataraca
347,0,2026-05-14 13:43:45,5,Tambá,Final do acesso à praia na Aldeia Galego,02.00 A,-6.664375,-34.956633,2,0,0,2,Baia da Traição
348,0,2026-05-14 13:43:46,5,Tambá,Final do acesso à praia na Aldeia Galego,02.00 A,-6.664375,-34.956633,2,0,0,2,Baia da Traição
349,0,2026-05-14 13:43:47,5,Tambá,Final do acesso à praia na Aldeia Galego,02.00 A,-6.664375,-34.956633,2,0,0,2,Baia da Traição
350,0,2026-05-14 13:43:48,5,Tambá,Final do acesso à praia na Aldeia Galego,02.00 A,-6.664375,-34.956633,2,0,0,2,Baia da Traição
496,0,2026-05-14 14:28:34,5,Tambá,Final do acesso à praia na Aldeia Galego,02.00 A,-6.664375,-34.956633,2,0,0,2,Baia da Traição
616,0,2026-05-14 14:43:05,5,Tambá,Final do acesso à praia na Aldeia Galego,02.00 A,-6.664375,-34.956633,2,0,0,2,Baia da Traição
868,0,2026-05-14 15:10:13,5,Tambá,Final do acesso à praia na Aldeia Galego,02.00 A,-6.664375,-34.956633,2,0,0,2,Baia da Traição
1393,0,2026-06-12 11:50:49,5,Tambá,Final do acesso à praia na Aldeia Galego,02.00 A,-6.664375,-34.956633,2,0,0,2,Baia da Traição
1694,16,2026-07-31 10:25:32,5,Tambá,Final do acesso à praia na Aldeia Galego,02.00 A,-6.664375,-34.956633,2,0,0,2,Baia da Traição
352,0,2026-05-14 13:43:50,6,Praia do Forte,No final da Rua Don Pedro II,02.01,-6.673269,-34.953075,2,0,0,2,Baia da Traição
354,0,2026-05-14 13:43:51,6,Praia do Forte,No final da Rua Don Pedro II,02.01,-6.673269,-34.953075,2,0,0,2,Baia da Traição
356,0,2026-05-14 13:43:52,6,Praia do Forte,No final da Rua Don Pedro II,02.01,-6.673269,-34.953075,2,0,0,2,Baia da Traição
497,6,2026-05-14 14:28:39,6,Praia do Forte,No final da Rua Don Pedro II,02.01,-6.673269,-34.953075,2,0,0,2,Baia da Traição
617,8,2026-05-14 14:43:10,6,Praia do Forte,No final da Rua Don Pedro II,02.01,-6.673269,-34.953075,2,0,0,2,Baia da Traição
746,0,2026-05-14 14:55:57,6,Praia do Forte,No final da Rua Don Pedro II,02.01,-6.673269,-34.953075,2,0,0,2,Baia da Traição
804,0,2026-05-14 15:01:29,6,Praia do Forte,No final da Rua Don Pedro II,02.01,-6.673269,-34.953075,2,0,0,2,Baia da Traição
869,0,2026-05-14 15:10:14,6,Praia do Forte,No final da Rua Don Pedro II,02.01,-6.673269,-34.953075,2,0,0,2,Baia da Traição
1043,14,2026-05-14 15:25:22,6,Praia do Forte,No final da Rua Don Pedro II,02.01,-6.673269,-34.953075,2,0,0,2,Baia da Traição
1392,60,2026-06-12 11:50:49,6,Praia do Forte,No final da Rua Don Pedro II,02.01,-6.673269,-34.953075,2,0,0,2,Baia da Traição
1517,4,2026-07-10 12:17:12,6,Praia do Forte,No final da Rua Don Pedro II,02.01,-6.673269,-34.953075,2,0,0,2,Baia da Traição
1693,52,2026-07-31 10:25:31,6,Praia do Forte,No final da Rua Don Pedro II,02.01,-6.673269,-34.953075,2,0,0,2,Baia da Traição
357,0,2026-05-14 13:43:53,7,Baía da Traição,No final da Rua Siqueira Campos,02.02,-6.690575,-34.93105,2,0,0,2,Baia da Traição
358,0,2026-05-14 13:43:54,7,Baía da Traição,No final da Rua Siqueira Campos,02.02,-6.690575,-34.93105,2,0,0,2,Baia da Traição
360,0,2026-05-14 13:43:55,7,Baía da Traição,No final da Rua Siqueira Campos,02.02,-6.690575,-34.93105,2,0,0,2,Baia da Traição
498,14,2026-05-14 14:28:43,7,Baía da Traição,No final da Rua Siqueira Campos,02.02,-6.690575,-34.93105,2,0,0,2,Baia da Traição
618,28,2026-05-14 14:43:14,7,Baía da Traição,No final da Rua Siqueira Campos,02.02,-6.690575,-34.93105,2,0,0,2,Baia da Traição
748,30,2026-05-14 14:56:07,7,Baía da Traição,No final da Rua Siqueira Campos,02.02,-6.690575,-34.93105,2,0,0,2,Baia da Traição
805,30,2026-05-14 15:01:33,7,Baía da Traição,No final da Rua Siqueira Campos,02.02,-6.690575,-34.93105,2,0,0,2,Baia da Traição
870,4,2026-05-14 15:10:16,7,Baía da Traição,No final da Rua Siqueira Campos,02.02,-6.690575,-34.93105,2,0,0,2,Baia da Traição
1044,112,2026-05-14 15:25:25,7,Baía da Traição,No final da Rua Siqueira Campos,02.02,-6.690575,-34.93105,2,0,0,2,Baia da Traição
1391,30,2026-06-12 11:50:48,7,Baía da Traição,No final da Rua Siqueira Campos,02.02,-6.690575,-34.93105,2,0,0,2,Baia da Traição
1516,50,2026-07-10 12:17:10,7,Baía da Traição,No final da Rua Siqueira Campos,02.02,-6.690575,-34.93105,2,0,0,2,Baia da Traição
1692,600,2026-07-31 10:25:31,7,Baía da Traição,No final da Rua Siqueira Campos,02.02,-6.690575,-34.93105,2,0,0,2,Baia da Traição
362,0,2026-05-14 13:43:57,8,Trincheiras,No final da Rua José Edmilson de Medeiros,02.03,-6.688117,-34.93385,2,0,0,2,Baia da Traição
364,0,2026-05-14 13:43:58,8,Trincheiras,No final da Rua José Edmilson de Medeiros,02.03,-6.688117,-34.93385,2,0,0,2,Baia da Traição
499,2,2026-05-14 14:28:47,8,Trincheiras,No final da Rua José Edmilson de Medeiros,02.03,-6.688117,-34.93385,2,0,0,2,Baia da Traição
619,2,2026-05-14 14:43:18,8,Trincheiras,No final da Rua José Edmilson de Medeiros,02.03,-6.688117,-34.93385,2,0,0,2,Baia da Traição
749,2,2026-05-14 14:56:18,8,Trincheiras,No final da Rua José Edmilson de Medeiros,02.03,-6.688117,-34.93385,2,0,0,2,Baia da Traição
806,2,2026-05-14 15:01:35,8,Trincheiras,No final da Rua José Edmilson de Medeiros,02.03,-6.688117,-34.93385,2,0,0,2,Baia da Traição
871,0,2026-05-14 15:10:18,8,Trincheiras,No final da Rua José Edmilson de Medeiros,02.03,-6.688117,-34.93385,2,0,0,2,Baia da Traição
1045,2,2026-05-14 15:25:28,8,Trincheiras,No final da Rua José Edmilson de Medeiros,02.03,-6.688117,-34.93385,2,0,0,2,Baia da Traição
1390,0,2026-06-12 11:50:47,8,Trincheiras,No final da Rua José Edmilson de Medeiros,02.03,-6.688117,-34.93385,2,0,0,2,Baia da Traição
1515,0,2026-07-10 12:17:10,8,Trincheiras,No final da Rua José Edmilson de Medeiros,02.03,-6.688117,-34.93385,2,0,0,2,Baia da Traição
1569,0,2026-07-17 11:32:02,8,Trincheiras,No final da Rua José Edmilson de Medeiros,02.03,-6.688117,-34.93385,2,0,0,2,Baia da Traição
1691,2,2026-07-31 10:25:30,8,Trincheiras,No final da Rua José Edmilson de Medeiros,02.03,-6.688117,-34.93385,2,0,0,2,Baia da Traição
367,0,2026-05-14 13:44:00,9,Acajutibiró,No final da Rua Projetada Seis,02.04,-6.698014,-34.933919,2,0,0,2,Baia da Traição
369,0,2026-05-14 13:44:01,9,Acajutibiró,No final da Rua Projetada Seis,02.04,-6.698014,-34.933919,2,0,0,2,Baia da Traição
371,0,2026-05-14 13:44:02,9,Acajutibiró,No final da Rua Projetada Seis,02.04,-6.698014,-34.933919,2,0,0,2,Baia da Traição
500,14,2026-05-14 14:28:50,9,Acajutibiró,No final da Rua Projetada Seis,02.04,-6.698014,-34.933919,2,0,0,2,Baia da Traição
620,0,2026-05-14 14:43:21,9,Acajutibiró,No final da Rua Projetada Seis,02.04,-6.698014,-34.933919,2,0,0,2,Baia da Traição
750,4,2026-05-14 14:56:21,9,Acajutibiró,No final da Rua Projetada Seis,02.04,-6.698014,-34.933919,2,0,0,2,Baia da Traição
807,4,2026-05-14 15:01:37,9,Acajutibiró,No final da Rua Projetada Seis,02.04,-6.698014,-34.933919,2,0,0,2,Baia da Traição
872,0,2026-05-14 15:10:20,9,Acajutibiró,No final da Rua Projetada Seis,02.04,-6.698014,-34.933919,2,0,0,2,Baia da Traição
1046,0,2026-05-14 15:25:30,9,Acajutibiró,No final da Rua Projetada Seis,02.04,-6.698014,-34.933919,2,0,0,2,Baia da Traição
1389,4,2026-06-12 11:50:47,9,Acajutibiró,No final da Rua Projetada Seis,02.04,-6.698014,-34.933919,2,0,0,2,Baia da Traição
1514,0,2026-07-10 12:17:09,9,Acajutibiró,No final da Rua Projetada Seis,02.04,-6.698014,-34.933919,2,0,0,2,Baia da Traição
1568,0,2026-07-17 11:32:01,9,Acajutibiró,No final da Rua Projetada Seis,02.04,-6.698014,-34.933919,2,0,0,2,Baia da Traição
1690,6,2026-07-31 10:25:30,9,Acajutibiró,No final da Rua Projetada Seis,02.04,-6.698014,-34.933919,2,0,0,2,Baia da Traição
372,0,2026-05-14 13:44:05,10,Barra de Mamanguape,Foz do rio Mamanguape,03.01,-6.796031,-34.915236,2,0,0,3,Rio Tinto
374,0,2026-05-14 13:44:06,10,Barra de Mamanguape,Foz do rio Mamanguape,03.01,-6.796031,-34.915236,2,0,0,3,Rio Tinto
375,0,2026-05-14 13:44:07,10,Barra de Mamanguape,Foz do rio Mamanguape,03.01,-6.796031,-34.915236,2,0,0,3,Rio Tinto
501,0,2026-05-14 14:29:00,10,Barra de Mamanguape,Foz do rio Mamanguape,03.01,-6.796031,-34.915236,2,0,0,3,Rio Tinto
680,2,2026-05-14 14:49:21,10,Barra de Mamanguape,Foz do rio Mamanguape,03.01,-6.796031,-34.915236,2,0,0,3,Rio Tinto
808,8,2026-05-14 15:01:46,10,Barra de Mamanguape,Foz do rio Mamanguape,03.01,-6.796031,-34.915236,2,0,0,3,Rio Tinto
979,20,2026-05-14 15:19:38,10,Barra de Mamanguape,Foz do rio Mamanguape,03.01,-6.796031,-34.915236,2,0,0,3,Rio Tinto
1430,4,2026-06-19 10:26:16,10,Barra de Mamanguape,Foz do rio Mamanguape,03.01,-6.796031,-34.915236,2,0,0,3,Rio Tinto
1617,10,2026-07-29 14:47:54,10,Barra de Mamanguape,Foz do rio Mamanguape,03.01,-6.796031,-34.915236,2,0,0,3,Rio Tinto
1647,0,2026-07-30 18:32:16,10,Barra de Mamanguape,Foz do rio Mamanguape,03.01,-6.796031,-34.915236,2,0,0,3,Rio Tinto
377,0,2026-05-14 13:44:09,11,Campina,No final da PB 008,03.02,-6.812125,-34.913639,2,0,0,3,Rio Tinto
380,0,2026-05-14 13:44:10,11,Campina,No final da PB 008,03.02,-6.812125,-34.913639,2,0,0,3,Rio Tinto
502,2,2026-05-14 14:29:04,11,Campina,No final da PB 008,03.02,-6.812125,-34.913639,2,0,0,3,Rio Tinto
681,4,2026-05-14 14:49:24,11,Campina,No final da PB 008,03.02,-6.812125,-34.913639,2,0,0,3,Rio Tinto
809,8,2026-05-14 15:01:47,11,Campina,No final da PB 008,03.02,-6.812125,-34.913639,2,0,0,3,Rio Tinto
980,2,2026-05-14 15:19:40,11,Campina,No final da PB 008,03.02,-6.812125,-34.913639,2,0,0,3,Rio Tinto
1429,40,2026-06-19 10:26:15,11,Campina,No final da PB 008,03.02,-6.812125,-34.913639,2,0,0,3,Rio Tinto
1616,0,2026-07-29 14:47:53,11,Campina,No final da PB 008,03.02,-6.812125,-34.913639,2,0,0,3,Rio Tinto
1646,28,2026-07-30 18:32:15,11,Campina,No final da PB 008,03.02,-6.812125,-34.913639,2,0,0,3,Rio Tinto
382,0,2026-05-14 13:44:12,12,Oiteiro,Trechos próximos a foz do Rio Miriri,03.03,-6.833336,-34.909958,2,0,0,3,Rio Tinto
384,0,2026-05-14 13:44:13,12,Oiteiro,Trechos próximos a foz do Rio Miriri,03.03,-6.833336,-34.909958,2,0,0,3,Rio Tinto
386,0,2026-05-14 13:44:14,12,Oiteiro,Trechos próximos a foz do Rio Miriri,03.03,-6.833336,-34.909958,2,0,0,3,Rio Tinto
503,0,2026-05-14 14:29:07,12,Oiteiro,Trechos próximos a foz do Rio Miriri,03.03,-6.833336,-34.909958,2,0,0,3,Rio Tinto
682,14,2026-05-14 14:49:26,12,Oiteiro,Trechos próximos a foz do Rio Miriri,03.03,-6.833336,-34.909958,2,0,0,3,Rio Tinto
810,6,2026-05-14 15:01:49,12,Oiteiro,Trechos próximos a foz do Rio Miriri,03.03,-6.833336,-34.909958,2,0,0,3,Rio Tinto
981,0,2026-05-14 15:19:42,12,Oiteiro,Trechos próximos a foz do Rio Miriri,03.03,-6.833336,-34.909958,2,0,0,3,Rio Tinto
1428,0,2026-06-19 10:26:15,12,Oiteiro,Trechos próximos a foz do Rio Miriri,03.03,-6.833336,-34.909958,2,0,0,3,Rio Tinto
1614,12,2026-07-29 14:42:48,12,Oiteiro,Trechos próximos a foz do Rio Miriri,03.03,-6.833336,-34.909958,2,0,0,3,Rio Tinto
1615,12,2026-07-29 14:47:52,12,Oiteiro,Trechos próximos a foz do Rio Miriri,03.03,-6.833336,-34.909958,2,0,0,3,Rio Tinto
1645,0,2026-07-30 18:32:14,12,Oiteiro,Trechos próximos a foz do Rio Miriri,03.03,-6.833336,-34.909958,2,0,0,3,Rio Tinto
2,0,2026-05-14 12:01:48,13,Bonsucesso,No final da RUA MARIANO DE SOUZA FALCÃO,04.00,-6.887369,-34.884367,1,0,0,4,Lucena
3,0,2026-05-14 12:01:59,13,Bonsucesso,No final da RUA MARIANO DE SOUZA FALCÃO,04.00,-6.887369,-34.884367,1,0,0,4,Lucena
4,0,2026-05-14 12:05:17,13,Bonsucesso,No final da RUA MARIANO DE SOUZA FALCÃO,04.00,-6.887369,-34.884367,1,0,0,4,Lucena
5,0,2026-05-14 12:05:21,13,Bonsucesso,No final da RUA MARIANO DE SOUZA FALCÃO,04.00,-6.887369,-34.884367,1,0,0,4,Lucena
6,0,2026-05-14 12:05:24,13,Bonsucesso,No final da RUA MARIANO DE SOUZA FALCÃO,04.00,-6.887369,-34.884367,1,0,0,4,Lucena
434,0,2026-05-14 14:17:11,13,Bonsucesso,No final da RUA MARIANO DE SOUZA FALCÃO,04.00,-6.887369,-34.884367,1,0,0,4,Lucena
504,2,2026-05-14 14:29:15,13,Bonsucesso,No final da RUA MARIANO DE SOUZA FALCÃO,04.00,-6.887369,-34.884367,1,0,0,4,Lucena
557,8,2026-05-14 14:35:24,13,Bonsucesso,No final da RUA MARIANO DE SOUZA FALCÃO,04.00,-6.887369,-34.884367,1,0,0,4,Lucena
621,0,2026-05-14 14:43:30,13,Bonsucesso,No final da RUA MARIANO DE SOUZA FALCÃO,04.00,-6.887369,-34.884367,1,0,0,4,Lucena
683,24,2026-05-14 14:49:35,13,Bonsucesso,No final da RUA MARIANO DE SOUZA FALCÃO,04.00,-6.887369,-34.884367,1,0,0,4,Lucena
751,2,2026-05-14 14:56:36,13,Bonsucesso,No final da RUA MARIANO DE SOUZA FALCÃO,04.00,-6.887369,-34.884367,1,0,0,4,Lucena
811,0,2026-05-14 15:01:57,13,Bonsucesso,No final da RUA MARIANO DE SOUZA FALCÃO,04.00,-6.887369,-34.884367,1,0,0,4,Lucena
873,0,2026-05-14 15:10:28,13,Bonsucesso,No final da RUA MARIANO DE SOUZA FALCÃO,04.00,-6.887369,-34.884367,1,0,0,4,Lucena
927,0,2026-05-14 15:15:33,13,Bonsucesso,No final da RUA MARIANO DE SOUZA FALCÃO,04.00,-6.887369,-34.884367,1,0,0,4,Lucena
982,0,2026-05-14 15:19:49,13,Bonsucesso,No final da RUA MARIANO DE SOUZA FALCÃO,04.00,-6.887369,-34.884367,1,0,0,4,Lucena
1047,2,2026-05-14 15:25:41,13,Bonsucesso,No final da RUA MARIANO DE SOUZA FALCÃO,04.00,-6.887369,-34.884367,1,0,0,4,Lucena
1099,0,2026-05-14 15:30:06,13,Bonsucesso,No final da RUA MARIANO DE SOUZA FALCÃO,04.00,-6.887369,-34.884367,1,0,0,4,Lucena
1239,4,2026-05-27 10:48:25,13,Bonsucesso,No final da RUA MARIANO DE SOUZA FALCÃO,04.00,-6.887369,-34.884367,1,0,0,4,Lucena
1273,2,2026-05-27 10:59:00,13,Bonsucesso,No final da RUA MARIANO DE SOUZA FALCÃO,04.00,-6.887369,-34.884367,1,0,0,4,Lucena
1312,0,2026-05-29 11:44:48,13,Bonsucesso,No final da RUA MARIANO DE SOUZA FALCÃO,04.00,-6.887369,-34.884367,1,0,0,4,Lucena
1354,0,2026-06-03 12:37:31,13,Bonsucesso,No final da RUA MARIANO DE SOUZA FALCÃO,04.00,-6.887369,-34.884367,1,0,0,4,Lucena
1436,0,2026-06-19 10:26:45,13,Bonsucesso,No final da RUA MARIANO DE SOUZA FALCÃO,04.00,-6.887369,-34.884367,1,0,0,4,Lucena
1487,166,2026-07-03 09:59:00,13,Bonsucesso,No final da RUA MARIANO DE SOUZA FALCÃO,04.00,-6.887369,-34.884367,1,0,0,4,Lucena
1523,2,2026-07-10 12:17:47,13,Bonsucesso,No final da RUA MARIANO DE SOUZA FALCÃO,04.00,-6.887369,-34.884367,1,0,0,4,Lucena
1575,0,2026-07-17 11:32:31,13,Bonsucesso,No final da RUA MARIANO DE SOUZA FALCÃO,04.00,-6.887369,-34.884367,1,0,0,4,Lucena
1623,40,2026-07-29 14:48:48,13,Bonsucesso,No final da RUA MARIANO DE SOUZA FALCÃO,04.00,-6.887369,-34.884367,1,0,0,4,Lucena
1653,0,2026-07-30 18:33:01,13,Bonsucesso,No final da RUA MARIANO DE SOUZA FALCÃO,04.00,-6.887369,-34.884367,1,0,0,4,Lucena
7,0,2026-05-14 12:08:29,14,Lucena,Em frente a desembocadura do Riacho Bonsucesso,04.01,-6.893967,-34.875847,1,0,0,4,Lucena
8,0,2026-05-14 12:08:30,14,Lucena,Em frente a desembocadura do Riacho Bonsucesso,04.01,-6.893967,-34.875847,1,0,0,4,Lucena
9,0,2026-05-14 12:08:31,14,Lucena,Em frente a desembocadura do Riacho Bonsucesso,04.01,-6.893967,-34.875847,1,0,0,4,Lucena
10,0,2026-05-14 12:08:33,14,Lucena,Em frente a desembocadura do Riacho Bonsucesso,04.01,-6.893967,-34.875847,1,0,0,4,Lucena
11,16,2026-05-14 12:08:35,14,Lucena,Em frente a desembocadura do Riacho Bonsucesso,04.01,-6.893967,-34.875847,1,0,0,4,Lucena
435,2,2026-05-14 14:17:17,14,Lucena,Em frente a desembocadura do Riacho Bonsucesso,04.01,-6.893967,-34.875847,1,0,0,4,Lucena
505,2,2026-05-14 14:29:18,14,Lucena,Em frente a desembocadura do Riacho Bonsucesso,04.01,-6.893967,-34.875847,1,0,0,4,Lucena
558,230,2026-05-14 14:35:28,14,Lucena,Em frente a desembocadura do Riacho Bonsucesso,04.01,-6.893967,-34.875847,1,0,0,4,Lucena
622,0,2026-05-14 14:43:33,14,Lucena,Em frente a desembocadura do Riacho Bonsucesso,04.01,-6.893967,-34.875847,1,0,0,4,Lucena
684,4,2026-05-14 14:49:37,14,Lucena,Em frente a desembocadura do Riacho Bonsucesso,04.01,-6.893967,-34.875847,1,0,0,4,Lucena
752,0,2026-05-14 14:56:40,14,Lucena,Em frente a desembocadura do Riacho Bonsucesso,04.01,-6.893967,-34.875847,1,0,0,4,Lucena
812,2,2026-05-14 15:02:00,14,Lucena,Em frente a desembocadura do Riacho Bonsucesso,04.01,-6.893967,-34.875847,1,0,0,4,Lucena
874,0,2026-05-14 15:10:30,14,Lucena,Em frente a desembocadura do Riacho Bonsucesso,04.01,-6.893967,-34.875847,1,0,0,4,Lucena
928,6,2026-05-14 15:15:35,14,Lucena,Em frente a desembocadura do Riacho Bonsucesso,04.01,-6.893967,-34.875847,1,0,0,4,Lucena
983,0,2026-05-14 15:19:51,14,Lucena,Em frente a desembocadura do Riacho Bonsucesso,04.01,-6.893967,-34.875847,1,0,0,4,Lucena
1048,0,2026-05-14 15:25:43,14,Lucena,Em frente a desembocadura do Riacho Bonsucesso,04.01,-6.893967,-34.875847,1,0,0,4,Lucena
1100,2,2026-05-14 15:30:08,14,Lucena,Em frente a desembocadura do Riacho Bonsucesso,04.01,-6.893967,-34.875847,1,0,0,4,Lucena
1240,12,2026-05-27 10:48:26,14,Lucena,Em frente a desembocadura do Riacho Bonsucesso,04.01,-6.893967,-34.875847,1,0,0,4,Lucena
1274,22,2026-05-27 10:59:04,14,Lucena,Em frente a desembocadura do Riacho Bonsucesso,04.01,-6.893967,-34.875847,1,0,0,4,Lucena
1313,0,2026-05-29 11:44:52,14,Lucena,Em frente a desembocadura do Riacho Bonsucesso,04.01,-6.893967,-34.875847,1,0,0,4,Lucena
1353,8,2026-06-03 12:37:30,14,Lucena,Em frente a desembocadura do Riacho Bonsucesso,04.01,-6.893967,-34.875847,1,0,0,4,Lucena
1435,48,2026-06-19 10:26:45,14,Lucena,Em frente a desembocadura do Riacho Bonsucesso,04.01,-6.893967,-34.875847,1,0,0,4,Lucena
1486,12,2026-07-03 09:59:00,14,Lucena,Em frente a desembocadura do Riacho Bonsucesso,04.01,-6.893967,-34.875847,1,0,0,4,Lucena
1522,8,2026-07-10 12:17:46,14,Lucena,Em frente a desembocadura do Riacho Bonsucesso,04.01,-6.893967,-34.875847,1,0,0,4,Lucena
1574,0,2026-07-17 11:32:31,14,Lucena,Em frente a desembocadura do Riacho Bonsucesso,04.01,-6.893967,-34.875847,1,0,0,4,Lucena
1622,10,2026-07-29 14:48:48,14,Lucena,Em frente a desembocadura do Riacho Bonsucesso,04.01,-6.893967,-34.875847,1,0,0,4,Lucena
1652,0,2026-07-30 18:33:00,14,Lucena,Em frente a desembocadura do Riacho Bonsucesso,04.01,-6.893967,-34.875847,1,0,0,4,Lucena
12,0,2026-05-14 12:09:01,15,Ponta de Lucena,Na desembocadura da Camboa em Ponta de Lucena,04.01 A,-6.899897,-34.8616,1,0,0,4,Lucena
13,0,2026-05-14 12:09:03,15,Ponta de Lucena,Na desembocadura da Camboa em Ponta de Lucena,04.01 A,-6.899897,-34.8616,1,0,0,4,Lucena
15,0,2026-05-14 12:09:04,15,Ponta de Lucena,Na desembocadura da Camboa em Ponta de Lucena,04.01 A,-6.899897,-34.8616,1,0,0,4,Lucena
16,2,2026-05-14 12:09:05,15,Ponta de Lucena,Na desembocadura da Camboa em Ponta de Lucena,04.01 A,-6.899897,-34.8616,1,0,0,4,Lucena
436,0,2026-05-14 14:17:21,15,Ponta de Lucena,Na desembocadura da Camboa em Ponta de Lucena,04.01 A,-6.899897,-34.8616,1,0,0,4,Lucena
506,8,2026-05-14 14:29:21,15,Ponta de Lucena,Na desembocadura da Camboa em Ponta de Lucena,04.01 A,-6.899897,-34.8616,1,0,0,4,Lucena
559,0,2026-05-14 14:35:32,15,Ponta de Lucena,Na desembocadura da Camboa em Ponta de Lucena,04.01 A,-6.899897,-34.8616,1,0,0,4,Lucena
623,4,2026-05-14 14:43:36,15,Ponta de Lucena,Na desembocadura da Camboa em Ponta de Lucena,04.01 A,-6.899897,-34.8616,1,0,0,4,Lucena
685,2,2026-05-14 14:49:41,15,Ponta de Lucena,Na desembocadura da Camboa em Ponta de Lucena,04.01 A,-6.899897,-34.8616,1,0,0,4,Lucena
753,0,2026-05-14 14:56:42,15,Ponta de Lucena,Na desembocadura da Camboa em Ponta de Lucena,04.01 A,-6.899897,-34.8616,1,0,0,4,Lucena
813,0,2026-05-14 15:02:02,15,Ponta de Lucena,Na desembocadura da Camboa em Ponta de Lucena,04.01 A,-6.899897,-34.8616,1,0,0,4,Lucena
875,0,2026-05-14 15:10:50,15,Ponta de Lucena,Na desembocadura da Camboa em Ponta de Lucena,04.01 A,-6.899897,-34.8616,1,0,0,4,Lucena
929,0,2026-05-14 15:15:38,15,Ponta de Lucena,Na desembocadura da Camboa em Ponta de Lucena,04.01 A,-6.899897,-34.8616,1,0,0,4,Lucena
984,0,2026-05-14 15:19:53,15,Ponta de Lucena,Na desembocadura da Camboa em Ponta de Lucena,04.01 A,-6.899897,-34.8616,1,0,0,4,Lucena
1049,462,2026-05-14 15:25:45,15,Ponta de Lucena,Na desembocadura da Camboa em Ponta de Lucena,04.01 A,-6.899897,-34.8616,1,0,0,4,Lucena
1101,0,2026-05-14 15:30:10,15,Ponta de Lucena,Na desembocadura da Camboa em Ponta de Lucena,04.01 A,-6.899897,-34.8616,1,0,0,4,Lucena
1241,6,2026-05-27 10:48:27,15,Ponta de Lucena,Na desembocadura da Camboa em Ponta de Lucena,04.01 A,-6.899897,-34.8616,1,0,0,4,Lucena
1275,0,2026-05-27 10:59:07,15,Ponta de Lucena,Na desembocadura da Camboa em Ponta de Lucena,04.01 A,-6.899897,-34.8616,1,0,0,4,Lucena
1314,10,2026-05-29 11:45:03,15,Ponta de Lucena,Na desembocadura da Camboa em Ponta de Lucena,04.01 A,-6.899897,-34.8616,1,0,0,4,Lucena
1352,0,2026-06-03 12:37:30,15,Ponta de Lucena,Na desembocadura da Camboa em Ponta de Lucena,04.01 A,-6.899897,-34.8616,1,0,0,4,Lucena
1434,0,2026-06-19 10:26:44,15,Ponta de Lucena,Na desembocadura da Camboa em Ponta de Lucena,04.01 A,-6.899897,-34.8616,1,0,0,4,Lucena
1485,50,2026-07-03 09:58:59,15,Ponta de Lucena,Na desembocadura da Camboa em Ponta de Lucena,04.01 A,-6.899897,-34.8616,1,0,0,4,Lucena
1521,2,2026-07-10 12:17:45,15,Ponta de Lucena,Na desembocadura da Camboa em Ponta de Lucena,04.01 A,-6.899897,-34.8616,1,0,0,4,Lucena
1573,0,2026-07-17 11:32:30,15,Ponta de Lucena,Na desembocadura da Camboa em Ponta de Lucena,04.01 A,-6.899897,-34.8616,1,0,0,4,Lucena
1621,10,2026-07-29 14:48:47,15,Ponta de Lucena,Na desembocadura da Camboa em Ponta de Lucena,04.01 A,-6.899897,-34.8616,1,0,0,4,Lucena
1651,0,2026-07-30 18:32:58,15,Ponta de Lucena,Na desembocadura da Camboa em Ponta de Lucena,04.01 A,-6.899897,-34.8616,1,0,0,4,Lucena
17,0,2026-05-14 12:09:22,16,Gameleira,Em frente a desembocadura do Riacho Araçá,04.01 B,-6.920944,-34.863708,1,0,0,4,Lucena
18,0,2026-05-14 12:09:23,16,Gameleira,Em frente a desembocadura do Riacho Araçá,04.01 B,-6.920944,-34.863708,1,0,0,4,Lucena
19,0,2026-05-14 12:09:24,16,Gameleira,Em frente a desembocadura do Riacho Araçá,04.01 B,-6.920944,-34.863708,1,0,0,4,Lucena
21,2,2026-05-14 12:09:28,16,Gameleira,Em frente a desembocadura do Riacho Araçá,04.01 B,-6.920944,-34.863708,1,0,0,4,Lucena
437,6,2026-05-14 14:17:25,16,Gameleira,Em frente a desembocadura do Riacho Araçá,04.01 B,-6.920944,-34.863708,1,0,0,4,Lucena
507,38,2026-05-14 14:29:26,16,Gameleira,Em frente a desembocadura do Riacho Araçá,04.01 B,-6.920944,-34.863708,1,0,0,4,Lucena
560,30,2026-05-14 14:35:37,16,Gameleira,Em frente a desembocadura do Riacho Araçá,04.01 B,-6.920944,-34.863708,1,0,0,4,Lucena
624,0,2026-05-14 14:43:40,16,Gameleira,Em frente a desembocadura do Riacho Araçá,04.01 B,-6.920944,-34.863708,1,0,0,4,Lucena
686,6,2026-05-14 14:49:44,16,Gameleira,Em frente a desembocadura do Riacho Araçá,04.01 B,-6.920944,-34.863708,1,0,0,4,Lucena
754,0,2026-05-14 14:56:45,16,Gameleira,Em frente a desembocadura do Riacho Araçá,04.01 B,-6.920944,-34.863708,1,0,0,4,Lucena
814,42,2026-05-14 15:02:05,16,Gameleira,Em frente a desembocadura do Riacho Araçá,04.01 B,-6.920944,-34.863708,1,0,0,4,Lucena
876,0,2026-05-14 15:10:52,16,Gameleira,Em frente a desembocadura do Riacho Araçá,04.01 B,-6.920944,-34.863708,1,0,0,4,Lucena
877,0,2026-05-14 15:10:56,16,Gameleira,Em frente a desembocadura do Riacho Araçá,04.01 B,-6.920944,-34.863708,1,0,0,4,Lucena
930,0,2026-05-14 15:15:40,16,Gameleira,Em frente a desembocadura do Riacho Araçá,04.01 B,-6.920944,-34.863708,1,0,0,4,Lucena
985,30,2026-05-14 15:19:55,16,Gameleira,Em frente a desembocadura do Riacho Araçá,04.01 B,-6.920944,-34.863708,1,0,0,4,Lucena
1050,114,2026-05-14 15:25:47,16,Gameleira,Em frente a desembocadura do Riacho Araçá,04.01 B,-6.920944,-34.863708,1,0,0,4,Lucena
1102,2,2026-05-14 15:30:12,16,Gameleira,Em frente a desembocadura do Riacho Araçá,04.01 B,-6.920944,-34.863708,1,0,0,4,Lucena
1276,2,2026-05-27 10:59:14,16,Gameleira,Em frente a desembocadura do Riacho Araçá,04.01 B,-6.920944,-34.863708,1,0,0,4,Lucena
1315,36,2026-05-29 11:45:06,16,Gameleira,Em frente a desembocadura do Riacho Araçá,04.01 B,-6.920944,-34.863708,1,0,0,4,Lucena
1351,0,2026-06-03 12:37:29,16,Gameleira,Em frente a desembocadura do Riacho Araçá,04.01 B,-6.920944,-34.863708,1,0,0,4,Lucena
1433,34,2026-06-19 10:26:44,16,Gameleira,Em frente a desembocadura do Riacho Araçá,04.01 B,-6.920944,-34.863708,1,0,0,4,Lucena
1484,0,2026-07-03 09:58:58,16,Gameleira,Em frente a desembocadura do Riacho Araçá,04.01 B,-6.920944,-34.863708,1,0,0,4,Lucena
1520,24,2026-07-10 12:17:45,16,Gameleira,Em frente a desembocadura do Riacho Araçá,04.01 B,-6.920944,-34.863708,1,0,0,4,Lucena
1572,62,2026-07-17 11:32:29,16,Gameleira,Em frente a desembocadura do Riacho Araçá,04.01 B,-6.920944,-34.863708,1,0,0,4,Lucena
1620,130,2026-07-29 14:48:46,16,Gameleira,Em frente a desembocadura do Riacho Araçá,04.01 B,-6.920944,-34.863708,1,0,0,4,Lucena
1650,0,2026-07-30 18:32:57,16,Gameleira,Em frente a desembocadura do Riacho Araçá,04.01 B,-6.920944,-34.863708,1,0,0,4,Lucena
22,0,2026-05-14 12:09:41,17,Fagundes,No final da Travessa São José,04.01 C,-6.9392,-34.865736,1,0,0,4,Lucena
23,0,2026-05-14 12:09:42,17,Fagundes,No final da Travessa São José,04.01 C,-6.9392,-34.865736,1,0,0,4,Lucena
24,0,2026-05-14 12:09:43,17,Fagundes,No final da Travessa São José,04.01 C,-6.9392,-34.865736,1,0,0,4,Lucena
25,0,2026-05-14 12:09:44,17,Fagundes,No final da Travessa São José,04.01 C,-6.9392,-34.865736,1,0,0,4,Lucena
26,0,2026-05-14 12:09:45,17,Fagundes,No final da Travessa São José,04.01 C,-6.9392,-34.865736,1,0,0,4,Lucena
438,0,2026-05-14 14:17:28,17,Fagundes,No final da Travessa São José,04.01 C,-6.9392,-34.865736,1,0,0,4,Lucena
508,22,2026-05-14 14:29:29,17,Fagundes,No final da Travessa São José,04.01 C,-6.9392,-34.865736,1,0,0,4,Lucena
561,0,2026-05-14 14:35:41,17,Fagundes,No final da Travessa São José,04.01 C,-6.9392,-34.865736,1,0,0,4,Lucena
625,190,2026-05-14 14:43:44,17,Fagundes,No final da Travessa São José,04.01 C,-6.9392,-34.865736,1,0,0,4,Lucena
687,0,2026-05-14 14:49:46,17,Fagundes,No final da Travessa São José,04.01 C,-6.9392,-34.865736,1,0,0,4,Lucena
755,212,2026-05-14 14:56:48,17,Fagundes,No final da Travessa São José,04.01 C,-6.9392,-34.865736,1,0,0,4,Lucena
815,0,2026-05-14 15:02:07,17,Fagundes,No final da Travessa São José,04.01 C,-6.9392,-34.865736,1,0,0,4,Lucena
878,0,2026-05-14 15:10:59,17,Fagundes,No final da Travessa São José,04.01 C,-6.9392,-34.865736,1,0,0,4,Lucena
931,0,2026-05-14 15:15:42,17,Fagundes,No final da Travessa São José,04.01 C,-6.9392,-34.865736,1,0,0,4,Lucena
986,500,2026-05-14 15:19:57,17,Fagundes,No final da Travessa São José,04.01 C,-6.9392,-34.865736,1,0,0,4,Lucena
1051,400,2026-05-14 15:25:49,17,Fagundes,No final da Travessa São José,04.01 C,-6.9392,-34.865736,1,0,0,4,Lucena
1103,0,2026-05-14 15:30:14,17,Fagundes,No final da Travessa São José,04.01 C,-6.9392,-34.865736,1,0,0,4,Lucena
1242,294,2026-05-27 10:48:30,17,Fagundes,No final da Travessa São José,04.01 C,-6.9392,-34.865736,1,0,0,4,Lucena
1277,10,2026-05-27 10:59:19,17,Fagundes,No final da Travessa São José,04.01 C,-6.9392,-34.865736,1,0,0,4,Lucena
1316,0,2026-05-29 11:45:42,17,Fagundes,No final da Travessa São José,04.01 C,-6.9392,-34.865736,1,0,0,4,Lucena
1350,2,2026-06-03 12:37:28,17,Fagundes,No final da Travessa São José,04.01 C,-6.9392,-34.865736,1,0,0,4,Lucena
1432,0,2026-06-19 10:26:43,17,Fagundes,No final da Travessa São José,04.01 C,-6.9392,-34.865736,1,0,0,4,Lucena
1483,350,2026-07-03 09:58:58,17,Fagundes,No final da Travessa São José,04.01 C,-6.9392,-34.865736,1,0,0,4,Lucena
1519,6,2026-07-10 12:17:45,17,Fagundes,No final da Travessa São José,04.01 C,-6.9392,-34.865736,1,0,0,4,Lucena
1571,128,2026-07-17 11:32:28,17,Fagundes,No final da Travessa São José,04.01 C,-6.9392,-34.865736,1,0,0,4,Lucena
1619,18,2026-07-29 14:48:45,17,Fagundes,No final da Travessa São José,04.01 C,-6.9392,-34.865736,1,0,0,4,Lucena
1649,2,2026-07-30 18:32:55,17,Fagundes,No final da Travessa São José,04.01 C,-6.9392,-34.865736,1,0,0,4,Lucena
27,0,2026-05-14 12:09:46,18,Costinha,No final da Rua Ubiratan Galvão,04.02,-6.964906,-34.855286,1,0,0,4,Lucena
28,0,2026-05-14 12:09:47,18,Costinha,No final da Rua Ubiratan Galvão,04.02,-6.964906,-34.855286,1,0,0,4,Lucena
29,0,2026-05-14 12:09:48,18,Costinha,No final da Rua Ubiratan Galvão,04.02,-6.964906,-34.855286,1,0,0,4,Lucena
31,0,2026-05-14 12:09:49,18,Costinha,No final da Rua Ubiratan Galvão,04.02,-6.964906,-34.855286,1,0,0,4,Lucena
439,440,2026-05-14 14:17:32,18,Costinha,No final da Rua Ubiratan Galvão,04.02,-6.964906,-34.855286,1,0,0,4,Lucena
509,4,2026-05-14 14:29:32,18,Costinha,No final da Rua Ubiratan Galvão,04.02,-6.964906,-34.855286,1,0,0,4,Lucena
562,50,2026-05-14 14:35:45,18,Costinha,No final da Rua Ubiratan Galvão,04.02,-6.964906,-34.855286,1,0,0,4,Lucena
626,0,2026-05-14 14:43:46,18,Costinha,No final da Rua Ubiratan Galvão,04.02,-6.964906,-34.855286,1,0,0,4,Lucena
688,8,2026-05-14 14:49:48,18,Costinha,No final da Rua Ubiratan Galvão,04.02,-6.964906,-34.855286,1,0,0,4,Lucena
756,208,2026-05-14 14:56:51,18,Costinha,No final da Rua Ubiratan Galvão,04.02,-6.964906,-34.855286,1,0,0,4,Lucena
816,0,2026-05-14 15:02:09,18,Costinha,No final da Rua Ubiratan Galvão,04.02,-6.964906,-34.855286,1,0,0,4,Lucena
879,20,2026-05-14 15:11:01,18,Costinha,No final da Rua Ubiratan Galvão,04.02,-6.964906,-34.855286,1,0,0,4,Lucena
932,0,2026-05-14 15:15:44,18,Costinha,No final da Rua Ubiratan Galvão,04.02,-6.964906,-34.855286,1,0,0,4,Lucena
987,126,2026-05-14 15:20:21,18,Costinha,No final da Rua Ubiratan Galvão,04.02,-6.964906,-34.855286,1,0,0,4,Lucena
1052,528,2026-05-14 15:25:52,18,Costinha,No final da Rua Ubiratan Galvão,04.02,-6.964906,-34.855286,1,0,0,4,Lucena
1104,10,2026-05-14 15:30:17,18,Costinha,No final da Rua Ubiratan Galvão,04.02,-6.964906,-34.855286,1,0,0,4,Lucena
1243,12,2026-05-27 10:48:30,18,Costinha,No final da Rua Ubiratan Galvão,04.02,-6.964906,-34.855286,1,0,0,4,Lucena
1278,200,2026-05-27 10:59:23,18,Costinha,No final da Rua Ubiratan Galvão,04.02,-6.964906,-34.855286,1,0,0,4,Lucena
1317,180,2026-05-29 11:45:45,18,Costinha,No final da Rua Ubiratan Galvão,04.02,-6.964906,-34.855286,1,0,0,4,Lucena
1349,0,2026-06-03 12:37:28,18,Costinha,No final da Rua Ubiratan Galvão,04.02,-6.964906,-34.855286,1,0,0,4,Lucena
1431,106,2026-06-19 10:26:43,18,Costinha,No final da Rua Ubiratan Galvão,04.02,-6.964906,-34.855286,1,0,0,4,Lucena
1482,460,2026-07-03 09:58:57,18,Costinha,No final da Rua Ubiratan Galvão,04.02,-6.964906,-34.855286,1,0,0,4,Lucena
1518,22,2026-07-10 12:17:44,18,Costinha,No final da Rua Ubiratan Galvão,04.02,-6.964906,-34.855286,1,0,0,4,Lucena
1570,216,2026-07-17 11:32:28,18,Costinha,No final da Rua Ubiratan Galvão,04.02,-6.964906,-34.855286,1,0,0,4,Lucena
1618,108,2026-07-29 14:48:45,18,Costinha,No final da Rua Ubiratan Galvão,04.02,-6.964906,-34.855286,1,0,0,4,Lucena
1648,206,2026-07-30 18:32:54,18,Costinha,No final da Rua Ubiratan Galvão,04.02,-6.964906,-34.855286,1,0,0,4,Lucena
32,6,2026-05-14 12:11:32,20,Miramar,No final da Av. Cassiano da Cunha Nóbrega,05.01,-6.964803,-34.833839,1,0,0,5,Cabedelo
33,0,2026-05-14 12:11:37,20,Miramar,No final da Av. Cassiano da Cunha Nóbrega,05.01,-6.964803,-34.833839,1,0,0,5,Cabedelo
34,0,2026-05-14 12:11:42,20,Miramar,No final da Av. Cassiano da Cunha Nóbrega,05.01,-6.964803,-34.833839,1,0,0,5,Cabedelo
35,0,2026-05-14 12:11:44,20,Miramar,No final da Av. Cassiano da Cunha Nóbrega,05.01,-6.964803,-34.833839,1,0,0,5,Cabedelo
36,0,2026-05-14 12:11:45,20,Miramar,No final da Av. Cassiano da Cunha Nóbrega,05.01,-6.964803,-34.833839,1,0,0,5,Cabedelo
37,6,2026-05-14 12:11:55,20,Miramar,No final da Av. Cassiano da Cunha Nóbrega,05.01,-6.964803,-34.833839,1,0,0,5,Cabedelo
406,0,2026-05-14 14:12:03,20,Miramar,No final da Av. Cassiano da Cunha Nóbrega,05.01,-6.964803,-34.833839,1,0,0,5,Cabedelo
440,19,2026-05-14 14:19:20,20,Miramar,No final da Av. Cassiano da Cunha Nóbrega,05.01,-6.964803,-34.833839,1,0,0,5,Cabedelo
510,6,2026-05-14 14:29:40,20,Miramar,No final da Av. Cassiano da Cunha Nóbrega,05.01,-6.964803,-34.833839,1,0,0,5,Cabedelo
563,58,2026-05-14 14:35:55,20,Miramar,No final da Av. Cassiano da Cunha Nóbrega,05.01,-6.964803,-34.833839,1,0,0,5,Cabedelo
627,0,2026-05-14 14:43:53,20,Miramar,No final da Av. Cassiano da Cunha Nóbrega,05.01,-6.964803,-34.833839,1,0,0,5,Cabedelo
689,198,2026-05-14 14:49:55,20,Miramar,No final da Av. Cassiano da Cunha Nóbrega,05.01,-6.964803,-34.833839,1,0,0,5,Cabedelo
757,124,2026-05-14 14:57:03,20,Miramar,No final da Av. Cassiano da Cunha Nóbrega,05.01,-6.964803,-34.833839,1,0,0,5,Cabedelo
817,72,2026-05-14 15:02:17,20,Miramar,No final da Av. Cassiano da Cunha Nóbrega,05.01,-6.964803,-34.833839,1,0,0,5,Cabedelo
880,0,2026-05-14 15:11:08,20,Miramar,No final da Av. Cassiano da Cunha Nóbrega,05.01,-6.964803,-34.833839,1,0,0,5,Cabedelo
933,174,2026-05-14 15:15:51,20,Miramar,No final da Av. Cassiano da Cunha Nóbrega,05.01,-6.964803,-34.833839,1,0,0,5,Cabedelo
988,90,2026-05-14 15:20:28,20,Miramar,No final da Av. Cassiano da Cunha Nóbrega,05.01,-6.964803,-34.833839,1,0,0,5,Cabedelo
1053,10,2026-05-14 15:26:02,20,Miramar,No final da Av. Cassiano da Cunha Nóbrega,05.01,-6.964803,-34.833839,1,0,0,5,Cabedelo
1105,0,2026-05-14 15:30:26,20,Miramar,No final da Av. Cassiano da Cunha Nóbrega,05.01,-6.964803,-34.833839,1,0,0,5,Cabedelo
1152,6,2026-05-14 15:34:28,20,Miramar,No final da Av. Cassiano da Cunha Nóbrega,05.01,-6.964803,-34.833839,1,0,0,5,Cabedelo
1185,0,2026-05-14 15:37:32,20,Miramar,No final da Av. Cassiano da Cunha Nóbrega,05.01,-6.964803,-34.833839,1,0,0,5,Cabedelo
1186,0,2026-05-14 15:37:36,20,Miramar,No final da Av. Cassiano da Cunha Nóbrega,05.01,-6.964803,-34.833839,1,0,0,5,Cabedelo
1244,8,2026-05-27 10:51:05,20,Miramar,No final da Av. Cassiano da Cunha Nóbrega,05.01,-6.964803,-34.833839,1,0,0,5,Cabedelo
1279,2,2026-05-27 11:00:30,20,Miramar,No final da Av. Cassiano da Cunha Nóbrega,05.01,-6.964803,-34.833839,1,0,0,5,Cabedelo
1318,0,2026-05-29 11:46:17,20,Miramar,No final da Av. Cassiano da Cunha Nóbrega,05.01,-6.964803,-34.833839,1,0,0,5,Cabedelo
1362,14,2026-06-03 12:38:46,20,Miramar,No final da Av. Cassiano da Cunha Nóbrega,05.01,-6.964803,-34.833839,1,0,0,5,Cabedelo
1401,20,2026-06-12 11:51:52,20,Miramar,No final da Av. Cassiano da Cunha Nóbrega,05.01,-6.964803,-34.833839,1,0,0,5,Cabedelo
1444,12,2026-06-19 10:27:43,20,Miramar,No final da Av. Cassiano da Cunha Nóbrega,05.01,-6.964803,-34.833839,1,0,0,5,Cabedelo
1495,140,2026-07-03 10:00:09,20,Miramar,No final da Av. Cassiano da Cunha Nóbrega,05.01,-6.964803,-34.833839,1,0,0,5,Cabedelo
1531,8,2026-07-10 12:18:32,20,Miramar,No final da Av. Cassiano da Cunha Nóbrega,05.01,-6.964803,-34.833839,1,0,0,5,Cabedelo
1628,39,2026-07-29 14:53:09,20,Miramar,No final da Av. Cassiano da Cunha Nóbrega,05.01,-6.964803,-34.833839,1,0,0,5,Cabedelo
1661,106,2026-07-30 18:34:25,20,Miramar,No final da Av. Cassiano da Cunha Nóbrega,05.01,-6.964803,-34.833839,1,0,0,5,Cabedelo
38,4,2026-05-14 12:12:09,21,Ponta de Mato,No final da Rua Nossa senhora dos Navegantes,05.02,-6.971361,-34.828506,1,0,0,5,Cabedelo
39,0,2026-05-14 12:12:10,21,Ponta de Mato,No final da Rua Nossa senhora dos Navegantes,05.02,-6.971361,-34.828506,1,0,0,5,Cabedelo
41,0,2026-05-14 12:12:11,21,Ponta de Mato,No final da Rua Nossa senhora dos Navegantes,05.02,-6.971361,-34.828506,1,0,0,5,Cabedelo
42,0,2026-05-14 12:12:20,21,Ponta de Mato,No final da Rua Nossa senhora dos Navegantes,05.02,-6.971361,-34.828506,1,0,0,5,Cabedelo
407,172,2026-05-14 14:12:12,21,Ponta de Mato,No final da Rua Nossa senhora dos Navegantes,05.02,-6.971361,-34.828506,1,0,0,5,Cabedelo
441,20,2026-05-14 14:19:25,21,Ponta de Mato,No final da Rua Nossa senhora dos Navegantes,05.02,-6.971361,-34.828506,1,0,0,5,Cabedelo
511,26,2026-05-14 14:29:45,21,Ponta de Mato,No final da Rua Nossa senhora dos Navegantes,05.02,-6.971361,-34.828506,1,0,0,5,Cabedelo
564,68,2026-05-14 14:35:59,21,Ponta de Mato,No final da Rua Nossa senhora dos Navegantes,05.02,-6.971361,-34.828506,1,0,0,5,Cabedelo
628,14,2026-05-14 14:43:56,21,Ponta de Mato,No final da Rua Nossa senhora dos Navegantes,05.02,-6.971361,-34.828506,1,0,0,5,Cabedelo
690,60,2026-05-14 14:49:58,21,Ponta de Mato,No final da Rua Nossa senhora dos Navegantes,05.02,-6.971361,-34.828506,1,0,0,5,Cabedelo
758,30,2026-05-14 14:57:05,21,Ponta de Mato,No final da Rua Nossa senhora dos Navegantes,05.02,-6.971361,-34.828506,1,0,0,5,Cabedelo
818,50,2026-05-14 15:02:20,21,Ponta de Mato,No final da Rua Nossa senhora dos Navegantes,05.02,-6.971361,-34.828506,1,0,0,5,Cabedelo
881,8,2026-05-14 15:11:10,21,Ponta de Mato,No final da Rua Nossa senhora dos Navegantes,05.02,-6.971361,-34.828506,1,0,0,5,Cabedelo
934,24,2026-05-14 15:15:54,21,Ponta de Mato,No final da Rua Nossa senhora dos Navegantes,05.02,-6.971361,-34.828506,1,0,0,5,Cabedelo
989,12,2026-05-14 15:20:33,21,Ponta de Mato,No final da Rua Nossa senhora dos Navegantes,05.02,-6.971361,-34.828506,1,0,0,5,Cabedelo
1054,452,2026-05-14 15:26:05,21,Ponta de Mato,No final da Rua Nossa senhora dos Navegantes,05.02,-6.971361,-34.828506,1,0,0,5,Cabedelo
1106,46,2026-05-14 15:30:28,21,Ponta de Mato,No final da Rua Nossa senhora dos Navegantes,05.02,-6.971361,-34.828506,1,0,0,5,Cabedelo
1153,0,2026-05-14 15:34:29,21,Ponta de Mato,No final da Rua Nossa senhora dos Navegantes,05.02,-6.971361,-34.828506,1,0,0,5,Cabedelo
1187,0,2026-05-14 15:37:39,21,Ponta de Mato,No final da Rua Nossa senhora dos Navegantes,05.02,-6.971361,-34.828506,1,0,0,5,Cabedelo
1245,2,2026-05-27 10:51:06,21,Ponta de Mato,No final da Rua Nossa senhora dos Navegantes,05.02,-6.971361,-34.828506,1,0,0,5,Cabedelo
1280,58,2026-05-27 11:00:37,21,Ponta de Mato,No final da Rua Nossa senhora dos Navegantes,05.02,-6.971361,-34.828506,1,0,0,5,Cabedelo
1319,66,2026-05-29 11:46:21,21,Ponta de Mato,No final da Rua Nossa senhora dos Navegantes,05.02,-6.971361,-34.828506,1,0,0,5,Cabedelo
1361,0,2026-06-03 12:38:45,21,Ponta de Mato,No final da Rua Nossa senhora dos Navegantes,05.02,-6.971361,-34.828506,1,0,0,5,Cabedelo
1400,0,2026-06-12 11:51:51,21,Ponta de Mato,No final da Rua Nossa senhora dos Navegantes,05.02,-6.971361,-34.828506,1,0,0,5,Cabedelo
1443,78,2026-06-19 10:27:43,21,Ponta de Mato,No final da Rua Nossa senhora dos Navegantes,05.02,-6.971361,-34.828506,1,0,0,5,Cabedelo
1494,50,2026-07-03 10:00:08,21,Ponta de Mato,No final da Rua Nossa senhora dos Navegantes,05.02,-6.971361,-34.828506,1,0,0,5,Cabedelo
1530,2,2026-07-10 12:18:32,21,Ponta de Mato,No final da Rua Nossa senhora dos Navegantes,05.02,-6.971361,-34.828506,1,0,0,5,Cabedelo
1582,2,2026-07-17 11:33:26,21,Ponta de Mato,No final da Rua Nossa senhora dos Navegantes,05.02,-6.971361,-34.828506,1,0,0,5,Cabedelo
1627,6,2026-07-29 14:53:08,21,Ponta de Mato,No final da Rua Nossa senhora dos Navegantes,05.02,-6.971361,-34.828506,1,0,0,5,Cabedelo
1660,190,2026-07-30 18:34:25,21,Ponta de Mato,No final da Rua Nossa senhora dos Navegantes,05.02,-6.971361,-34.828506,1,0,0,5,Cabedelo
43,2,2026-05-14 12:12:22,22,Formosa,No final da Rua Monsenhor José Coutinho da silva,05.02 A,-6.978947,-34.827603,1,0,0,5,Cabedelo
44,0,2026-05-14 12:12:24,22,Formosa,No final da Rua Monsenhor José Coutinho da silva,05.02 A,-6.978947,-34.827603,1,0,0,5,Cabedelo
45,0,2026-05-14 12:12:25,22,Formosa,No final da Rua Monsenhor José Coutinho da silva,05.02 A,-6.978947,-34.827603,1,0,0,5,Cabedelo
46,0,2026-05-14 12:12:26,22,Formosa,No final da Rua Monsenhor José Coutinho da silva,05.02 A,-6.978947,-34.827603,1,0,0,5,Cabedelo
408,32,2026-05-14 14:12:19,22,Formosa,No final da Rua Monsenhor José Coutinho da silva,05.02 A,-6.978947,-34.827603,1,0,0,5,Cabedelo
442,46,2026-05-14 14:19:28,22,Formosa,No final da Rua Monsenhor José Coutinho da silva,05.02 A,-6.978947,-34.827603,1,0,0,5,Cabedelo
512,0,2026-05-14 14:29:48,22,Formosa,No final da Rua Monsenhor José Coutinho da silva,05.02 A,-6.978947,-34.827603,1,0,0,5,Cabedelo
565,56,2026-05-14 14:36:02,22,Formosa,No final da Rua Monsenhor José Coutinho da silva,05.02 A,-6.978947,-34.827603,1,0,0,5,Cabedelo
629,60,2026-05-14 14:44:00,22,Formosa,No final da Rua Monsenhor José Coutinho da silva,05.02 A,-6.978947,-34.827603,1,0,0,5,Cabedelo
691,84,2026-05-14 14:50:01,22,Formosa,No final da Rua Monsenhor José Coutinho da silva,05.02 A,-6.978947,-34.827603,1,0,0,5,Cabedelo
759,4,2026-05-14 14:57:10,22,Formosa,No final da Rua Monsenhor José Coutinho da silva,05.02 A,-6.978947,-34.827603,1,0,0,5,Cabedelo
819,108,2026-05-14 15:02:23,22,Formosa,No final da Rua Monsenhor José Coutinho da silva,05.02 A,-6.978947,-34.827603,1,0,0,5,Cabedelo
882,8,2026-05-14 15:11:15,22,Formosa,No final da Rua Monsenhor José Coutinho da silva,05.02 A,-6.978947,-34.827603,1,0,0,5,Cabedelo
935,10,2026-05-14 15:15:57,22,Formosa,No final da Rua Monsenhor José Coutinho da silva,05.02 A,-6.978947,-34.827603,1,0,0,5,Cabedelo
990,10,2026-05-14 15:20:35,22,Formosa,No final da Rua Monsenhor José Coutinho da silva,05.02 A,-6.978947,-34.827603,1,0,0,5,Cabedelo
1055,548,2026-05-14 15:26:08,22,Formosa,No final da Rua Monsenhor José Coutinho da silva,05.02 A,-6.978947,-34.827603,1,0,0,5,Cabedelo
1107,52,2026-05-14 15:30:31,22,Formosa,No final da Rua Monsenhor José Coutinho da silva,05.02 A,-6.978947,-34.827603,1,0,0,5,Cabedelo
1154,12,2026-05-14 15:34:31,22,Formosa,No final da Rua Monsenhor José Coutinho da silva,05.02 A,-6.978947,-34.827603,1,0,0,5,Cabedelo
1188,24,2026-05-14 15:37:41,22,Formosa,No final da Rua Monsenhor José Coutinho da silva,05.02 A,-6.978947,-34.827603,1,0,0,5,Cabedelo
1246,10,2026-05-27 10:51:14,22,Formosa,No final da Rua Monsenhor José Coutinho da silva,05.02 A,-6.978947,-34.827603,1,0,0,5,Cabedelo
1281,18,2026-05-27 11:00:45,22,Formosa,No final da Rua Monsenhor José Coutinho da silva,05.02 A,-6.978947,-34.827603,1,0,0,5,Cabedelo
1320,126,2026-05-29 11:46:27,22,Formosa,No final da Rua Monsenhor José Coutinho da silva,05.02 A,-6.978947,-34.827603,1,0,0,5,Cabedelo
1360,10,2026-06-03 12:38:45,22,Formosa,No final da Rua Monsenhor José Coutinho da silva,05.02 A,-6.978947,-34.827603,1,0,0,5,Cabedelo
1399,40,2026-06-12 11:51:51,22,Formosa,No final da Rua Monsenhor José Coutinho da silva,05.02 A,-6.978947,-34.827603,1,0,0,5,Cabedelo
1442,262,2026-06-19 10:27:42,22,Formosa,No final da Rua Monsenhor José Coutinho da silva,05.02 A,-6.978947,-34.827603,1,0,0,5,Cabedelo
1493,30,2026-07-03 10:00:08,22,Formosa,No final da Rua Monsenhor José Coutinho da silva,05.02 A,-6.978947,-34.827603,1,0,0,5,Cabedelo
1529,4,2026-07-10 12:18:31,22,Formosa,No final da Rua Monsenhor José Coutinho da silva,05.02 A,-6.978947,-34.827603,1,0,0,5,Cabedelo
1581,0,2026-07-17 11:33:26,22,Formosa,No final da Rua Monsenhor José Coutinho da silva,05.02 A,-6.978947,-34.827603,1,0,0,5,Cabedelo
1659,12,2026-07-30 18:34:24,22,Formosa,No final da Rua Monsenhor José Coutinho da silva,05.02 A,-6.978947,-34.827603,1,0,0,5,Cabedelo
48,0,2026-05-14 12:12:36,23,Areia Dourada,No final da Rua Projetada,05.02 B,-6.995175,-34.8265,1,0,0,5,Cabedelo
50,0,2026-05-14 12:12:39,23,Areia Dourada,No final da Rua Projetada,05.02 B,-6.995175,-34.8265,1,0,0,5,Cabedelo
51,0,2026-05-14 12:12:40,23,Areia Dourada,No final da Rua Projetada,05.02 B,-6.995175,-34.8265,1,0,0,5,Cabedelo
52,0,2026-05-14 12:12:41,23,Areia Dourada,No final da Rua Projetada,05.02 B,-6.995175,-34.8265,1,0,0,5,Cabedelo
409,0,2026-05-14 14:12:22,23,Areia Dourada,No final da Rua Projetada,05.02 B,-6.995175,-34.8265,1,0,0,5,Cabedelo
443,6,2026-05-14 14:19:32,23,Areia Dourada,No final da Rua Projetada,05.02 B,-6.995175,-34.8265,1,0,0,5,Cabedelo
513,126,2026-05-14 14:29:53,23,Areia Dourada,No final da Rua Projetada,05.02 B,-6.995175,-34.8265,1,0,0,5,Cabedelo
566,56,2026-05-14 14:36:05,23,Areia Dourada,No final da Rua Projetada,05.02 B,-6.995175,-34.8265,1,0,0,5,Cabedelo
630,6,2026-05-14 14:44:04,23,Areia Dourada,No final da Rua Projetada,05.02 B,-6.995175,-34.8265,1,0,0,5,Cabedelo
692,1900,2026-05-14 14:50:05,23,Areia Dourada,No final da Rua Projetada,05.02 B,-6.995175,-34.8265,1,0,0,5,Cabedelo
760,14,2026-05-14 14:57:14,23,Areia Dourada,No final da Rua Projetada,05.02 B,-6.995175,-34.8265,1,0,0,5,Cabedelo
820,42,2026-05-14 15:02:28,23,Areia Dourada,No final da Rua Projetada,05.02 B,-6.995175,-34.8265,1,0,0,5,Cabedelo
883,2,2026-05-14 15:11:18,23,Areia Dourada,No final da Rua Projetada,05.02 B,-6.995175,-34.8265,1,0,0,5,Cabedelo
936,2,2026-05-14 15:15:59,23,Areia Dourada,No final da Rua Projetada,05.02 B,-6.995175,-34.8265,1,0,0,5,Cabedelo
991,8,2026-05-14 15:20:38,23,Areia Dourada,No final da Rua Projetada,05.02 B,-6.995175,-34.8265,1,0,0,5,Cabedelo
1056,138,2026-05-14 15:26:13,23,Areia Dourada,No final da Rua Projetada,05.02 B,-6.995175,-34.8265,1,0,0,5,Cabedelo
1108,8,2026-05-14 15:30:33,23,Areia Dourada,No final da Rua Projetada,05.02 B,-6.995175,-34.8265,1,0,0,5,Cabedelo
1155,2,2026-05-14 15:34:33,23,Areia Dourada,No final da Rua Projetada,05.02 B,-6.995175,-34.8265,1,0,0,5,Cabedelo
1189,32,2026-05-14 15:37:43,23,Areia Dourada,No final da Rua Projetada,05.02 B,-6.995175,-34.8265,1,0,0,5,Cabedelo
1247,4,2026-05-27 10:51:21,23,Areia Dourada,No final da Rua Projetada,05.02 B,-6.995175,-34.8265,1,0,0,5,Cabedelo
1282,8,2026-05-27 11:00:49,23,Areia Dourada,No final da Rua Projetada,05.02 B,-6.995175,-34.8265,1,0,0,5,Cabedelo
1321,24,2026-05-29 11:46:34,23,Areia Dourada,No final da Rua Projetada,05.02 B,-6.995175,-34.8265,1,0,0,5,Cabedelo
1359,0,2026-06-03 12:38:43,23,Areia Dourada,No final da Rua Projetada,05.02 B,-6.995175,-34.8265,1,0,0,5,Cabedelo
1398,20,2026-06-12 11:51:50,23,Areia Dourada,No final da Rua Projetada,05.02 B,-6.995175,-34.8265,1,0,0,5,Cabedelo
1441,0,2026-06-19 10:27:41,23,Areia Dourada,No final da Rua Projetada,05.02 B,-6.995175,-34.8265,1,0,0,5,Cabedelo
1492,238,2026-07-03 10:00:07,23,Areia Dourada,No final da Rua Projetada,05.02 B,-6.995175,-34.8265,1,0,0,5,Cabedelo
1528,4,2026-07-10 12:18:30,23,Areia Dourada,No final da Rua Projetada,05.02 B,-6.995175,-34.8265,1,0,0,5,Cabedelo
1580,0,2026-07-17 11:33:25,23,Areia Dourada,No final da Rua Projetada,05.02 B,-6.995175,-34.8265,1,0,0,5,Cabedelo
1658,6,2026-07-30 18:34:24,23,Areia Dourada,No final da Rua Projetada,05.02 B,-6.995175,-34.8265,1,0,0,5,Cabedelo
53,18,2026-05-14 12:12:50,24,Camboinha,No final da Rua Benício de Oliveira,05.03,-7.0129,-34.827728,1,0,0,5,Cabedelo
54,0,2026-05-14 12:12:51,24,Camboinha,No final da Rua Benício de Oliveira,05.03,-7.0129,-34.827728,1,0,0,5,Cabedelo
55,0,2026-05-14 12:12:52,24,Camboinha,No final da Rua Benício de Oliveira,05.03,-7.0129,-34.827728,1,0,0,5,Cabedelo
56,0,2026-05-14 12:13:04,24,Camboinha,No final da Rua Benício de Oliveira,05.03,-7.0129,-34.827728,1,0,0,5,Cabedelo
410,66,2026-05-14 14:12:26,24,Camboinha,No final da Rua Benício de Oliveira,05.03,-7.0129,-34.827728,1,0,0,5,Cabedelo
444,42,2026-05-14 14:19:37,24,Camboinha,No final da Rua Benício de Oliveira,05.03,-7.0129,-34.827728,1,0,0,5,Cabedelo
514,2,2026-05-14 14:29:57,24,Camboinha,No final da Rua Benício de Oliveira,05.03,-7.0129,-34.827728,1,0,0,5,Cabedelo
567,44,2026-05-14 14:36:10,24,Camboinha,No final da Rua Benício de Oliveira,05.03,-7.0129,-34.827728,1,0,0,5,Cabedelo
631,20,2026-05-14 14:44:08,24,Camboinha,No final da Rua Benício de Oliveira,05.03,-7.0129,-34.827728,1,0,0,5,Cabedelo
693,126,2026-05-14 14:50:10,24,Camboinha,No final da Rua Benício de Oliveira,05.03,-7.0129,-34.827728,1,0,0,5,Cabedelo
761,50,2026-05-14 14:57:17,24,Camboinha,No final da Rua Benício de Oliveira,05.03,-7.0129,-34.827728,1,0,0,5,Cabedelo
821,60,2026-05-14 15:02:32,24,Camboinha,No final da Rua Benício de Oliveira,05.03,-7.0129,-34.827728,1,0,0,5,Cabedelo
884,16,2026-05-14 15:11:21,24,Camboinha,No final da Rua Benício de Oliveira,05.03,-7.0129,-34.827728,1,0,0,5,Cabedelo
937,0,2026-05-14 15:16:02,24,Camboinha,No final da Rua Benício de Oliveira,05.03,-7.0129,-34.827728,1,0,0,5,Cabedelo
992,8,2026-05-14 15:20:40,24,Camboinha,No final da Rua Benício de Oliveira,05.03,-7.0129,-34.827728,1,0,0,5,Cabedelo
1057,10,2026-05-14 15:26:16,24,Camboinha,No final da Rua Benício de Oliveira,05.03,-7.0129,-34.827728,1,0,0,5,Cabedelo
1109,8,2026-05-14 15:30:37,24,Camboinha,No final da Rua Benício de Oliveira,05.03,-7.0129,-34.827728,1,0,0,5,Cabedelo
1156,12,2026-05-14 15:34:35,24,Camboinha,No final da Rua Benício de Oliveira,05.03,-7.0129,-34.827728,1,0,0,5,Cabedelo
1190,30,2026-05-14 15:37:46,24,Camboinha,No final da Rua Benício de Oliveira,05.03,-7.0129,-34.827728,1,0,0,5,Cabedelo
1248,14,2026-05-27 10:51:28,24,Camboinha,No final da Rua Benício de Oliveira,05.03,-7.0129,-34.827728,1,0,0,5,Cabedelo
1283,0,2026-05-27 11:00:56,24,Camboinha,No final da Rua Benício de Oliveira,05.03,-7.0129,-34.827728,1,0,0,5,Cabedelo
1322,26,2026-05-29 11:46:42,24,Camboinha,No final da Rua Benício de Oliveira,05.03,-7.0129,-34.827728,1,0,0,5,Cabedelo
1358,38,2026-06-03 12:38:42,24,Camboinha,No final da Rua Benício de Oliveira,05.03,-7.0129,-34.827728,1,0,0,5,Cabedelo
1397,6,2026-06-12 11:51:49,24,Camboinha,No final da Rua Benício de Oliveira,05.03,-7.0129,-34.827728,1,0,0,5,Cabedelo
1440,134,2026-06-19 10:27:41,24,Camboinha,No final da Rua Benício de Oliveira,05.03,-7.0129,-34.827728,1,0,0,5,Cabedelo
1491,106,2026-07-03 10:00:07,24,Camboinha,No final da Rua Benício de Oliveira,05.03,-7.0129,-34.827728,1,0,0,5,Cabedelo
1527,26,2026-07-10 12:18:30,24,Camboinha,No final da Rua Benício de Oliveira,05.03,-7.0129,-34.827728,1,0,0,5,Cabedelo
1579,22,2026-07-17 11:33:24,24,Camboinha,No final da Rua Benício de Oliveira,05.03,-7.0129,-34.827728,1,0,0,5,Cabedelo
1626,14,2026-07-29 14:53:06,24,Camboinha,No final da Rua Benício de Oliveira,05.03,-7.0129,-34.827728,1,0,0,5,Cabedelo
1657,26,2026-07-30 18:34:23,24,Camboinha,No final da Rua Benício de Oliveira,05.03,-7.0129,-34.827728,1,0,0,5,Cabedelo
58,0,2026-05-14 12:13:18,25,Poço,No final da Rua Santa Cavalcante,05.04,-7.025753,-34.829764,1,0,0,5,Cabedelo
60,0,2026-05-14 12:13:19,25,Poço,No final da Rua Santa Cavalcante,05.04,-7.025753,-34.829764,1,0,0,5,Cabedelo
61,0,2026-05-14 12:13:20,25,Poço,No final da Rua Santa Cavalcante,05.04,-7.025753,-34.829764,1,0,0,5,Cabedelo
62,0,2026-05-14 12:13:21,25,Poço,No final da Rua Santa Cavalcante,05.04,-7.025753,-34.829764,1,0,0,5,Cabedelo
411,114,2026-05-14 14:12:29,25,Poço,No final da Rua Santa Cavalcante,05.04,-7.025753,-34.829764,1,0,0,5,Cabedelo
445,6,2026-05-14 14:19:42,25,Poço,No final da Rua Santa Cavalcante,05.04,-7.025753,-34.829764,1,0,0,5,Cabedelo
515,10,2026-05-14 14:30:01,25,Poço,No final da Rua Santa Cavalcante,05.04,-7.025753,-34.829764,1,0,0,5,Cabedelo
568,2,2026-05-14 14:36:13,25,Poço,No final da Rua Santa Cavalcante,05.04,-7.025753,-34.829764,1,0,0,5,Cabedelo
632,12,2026-05-14 14:44:12,25,Poço,No final da Rua Santa Cavalcante,05.04,-7.025753,-34.829764,1,0,0,5,Cabedelo
694,0,2026-05-14 14:50:13,25,Poço,No final da Rua Santa Cavalcante,05.04,-7.025753,-34.829764,1,0,0,5,Cabedelo
762,84,2026-05-14 14:57:21,25,Poço,No final da Rua Santa Cavalcante,05.04,-7.025753,-34.829764,1,0,0,5,Cabedelo
822,22,2026-05-14 15:02:34,25,Poço,No final da Rua Santa Cavalcante,05.04,-7.025753,-34.829764,1,0,0,5,Cabedelo
885,116,2026-05-14 15:11:25,25,Poço,No final da Rua Santa Cavalcante,05.04,-7.025753,-34.829764,1,0,0,5,Cabedelo
938,4,2026-05-14 15:16:05,25,Poço,No final da Rua Santa Cavalcante,05.04,-7.025753,-34.829764,1,0,0,5,Cabedelo
993,60,2026-05-14 15:20:43,25,Poço,No final da Rua Santa Cavalcante,05.04,-7.025753,-34.829764,1,0,0,5,Cabedelo
1058,4,2026-05-14 15:26:19,25,Poço,No final da Rua Santa Cavalcante,05.04,-7.025753,-34.829764,1,0,0,5,Cabedelo
1110,2,2026-05-14 15:30:40,25,Poço,No final da Rua Santa Cavalcante,05.04,-7.025753,-34.829764,1,0,0,5,Cabedelo
1157,10,2026-05-14 15:34:38,25,Poço,No final da Rua Santa Cavalcante,05.04,-7.025753,-34.829764,1,0,0,5,Cabedelo
1191,10,2026-05-14 15:38:02,25,Poço,No final da Rua Santa Cavalcante,05.04,-7.025753,-34.829764,1,0,0,5,Cabedelo
1249,34,2026-05-27 10:51:41,25,Poço,No final da Rua Santa Cavalcante,05.04,-7.025753,-34.829764,1,0,0,5,Cabedelo
1284,156,2026-05-27 11:01:04,25,Poço,No final da Rua Santa Cavalcante,05.04,-7.025753,-34.829764,1,0,0,5,Cabedelo
1323,96,2026-05-29 11:46:48,25,Poço,No final da Rua Santa Cavalcante,05.04,-7.025753,-34.829764,1,0,0,5,Cabedelo
1357,26,2026-06-03 12:38:41,25,Poço,No final da Rua Santa Cavalcante,05.04,-7.025753,-34.829764,1,0,0,5,Cabedelo
1396,236,2026-06-12 11:51:49,25,Poço,No final da Rua Santa Cavalcante,05.04,-7.025753,-34.829764,1,0,0,5,Cabedelo
1439,60,2026-06-19 10:27:41,25,Poço,No final da Rua Santa Cavalcante,05.04,-7.025753,-34.829764,1,0,0,5,Cabedelo
1490,4,2026-07-03 10:00:06,25,Poço,No final da Rua Santa Cavalcante,05.04,-7.025753,-34.829764,1,0,0,5,Cabedelo
1526,0,2026-07-10 12:18:29,25,Poço,No final da Rua Santa Cavalcante,05.04,-7.025753,-34.829764,1,0,0,5,Cabedelo
1578,76,2026-07-17 11:33:24,25,Poço,No final da Rua Santa Cavalcante,05.04,-7.025753,-34.829764,1,0,0,5,Cabedelo
1656,14,2026-07-30 18:34:23,25,Poço,No final da Rua Santa Cavalcante,05.04,-7.025753,-34.829764,1,0,0,5,Cabedelo
63,28,2026-05-14 12:13:42,26,Ponta de Campina,Em frente a galeria de águas pluviais,05.04 A,-7.032272,-34.831042,1,0,0,5,Cabedelo
64,0,2026-05-14 12:13:45,26,Ponta de Campina,Em frente a galeria de águas pluviais,05.04 A,-7.032272,-34.831042,1,0,0,5,Cabedelo
65,0,2026-05-14 12:13:46,26,Ponta de Campina,Em frente a galeria de águas pluviais,05.04 A,-7.032272,-34.831042,1,0,0,5,Cabedelo
67,0,2026-05-14 12:13:48,26,Ponta de Campina,Em frente a galeria de águas pluviais,05.04 A,-7.032272,-34.831042,1,0,0,5,Cabedelo
412,2,2026-05-14 14:12:33,26,Ponta de Campina,Em frente a galeria de águas pluviais,05.04 A,-7.032272,-34.831042,1,0,0,5,Cabedelo
446,44,2026-05-14 14:19:56,26,Ponta de Campina,Em frente a galeria de águas pluviais,05.04 A,-7.032272,-34.831042,1,0,0,5,Cabedelo
516,4,2026-05-14 14:30:05,26,Ponta de Campina,Em frente a galeria de águas pluviais,05.04 A,-7.032272,-34.831042,1,0,0,5,Cabedelo
569,50,2026-05-14 14:36:17,26,Ponta de Campina,Em frente a galeria de águas pluviais,05.04 A,-7.032272,-34.831042,1,0,0,5,Cabedelo
633,16,2026-05-14 14:44:16,26,Ponta de Campina,Em frente a galeria de águas pluviais,05.04 A,-7.032272,-34.831042,1,0,0,5,Cabedelo
695,0,2026-05-14 14:50:16,26,Ponta de Campina,Em frente a galeria de águas pluviais,05.04 A,-7.032272,-34.831042,1,0,0,5,Cabedelo
763,38,2026-05-14 14:57:23,26,Ponta de Campina,Em frente a galeria de águas pluviais,05.04 A,-7.032272,-34.831042,1,0,0,5,Cabedelo
823,2400,2026-05-14 15:02:37,26,Ponta de Campina,Em frente a galeria de águas pluviais,05.04 A,-7.032272,-34.831042,1,0,0,5,Cabedelo
886,510,2026-05-14 15:11:30,26,Ponta de Campina,Em frente a galeria de águas pluviais,05.04 A,-7.032272,-34.831042,1,0,0,5,Cabedelo
939,12,2026-05-14 15:16:08,26,Ponta de Campina,Em frente a galeria de águas pluviais,05.04 A,-7.032272,-34.831042,1,0,0,5,Cabedelo
994,4320,2026-05-14 15:20:47,26,Ponta de Campina,Em frente a galeria de águas pluviais,05.04 A,-7.032272,-34.831042,1,0,0,5,Cabedelo
1059,0,2026-05-14 15:26:23,26,Ponta de Campina,Em frente a galeria de águas pluviais,05.04 A,-7.032272,-34.831042,1,0,0,5,Cabedelo
1111,6,2026-05-14 15:30:43,26,Ponta de Campina,Em frente a galeria de águas pluviais,05.04 A,-7.032272,-34.831042,1,0,0,5,Cabedelo
1158,10,2026-05-14 15:34:45,26,Ponta de Campina,Em frente a galeria de águas pluviais,05.04 A,-7.032272,-34.831042,1,0,0,5,Cabedelo
1192,32,2026-05-14 15:38:08,26,Ponta de Campina,Em frente a galeria de águas pluviais,05.04 A,-7.032272,-34.831042,1,0,0,5,Cabedelo
1250,256,2026-05-27 10:51:49,26,Ponta de Campina,Em frente a galeria de águas pluviais,05.04 A,-7.032272,-34.831042,1,0,0,5,Cabedelo
1285,4,2026-05-27 11:01:13,26,Ponta de Campina,Em frente a galeria de águas pluviais,05.04 A,-7.032272,-34.831042,1,0,0,5,Cabedelo
1324,110,2026-05-29 11:46:58,26,Ponta de Campina,Em frente a galeria de águas pluviais,05.04 A,-7.032272,-34.831042,1,0,0,5,Cabedelo
1356,60,2026-06-03 12:38:40,26,Ponta de Campina,Em frente a galeria de águas pluviais,05.04 A,-7.032272,-34.831042,1,0,0,5,Cabedelo
1395,94,2026-06-12 11:51:48,26,Ponta de Campina,Em frente a galeria de águas pluviais,05.04 A,-7.032272,-34.831042,1,0,0,5,Cabedelo
1438,16,2026-06-19 10:27:40,26,Ponta de Campina,Em frente a galeria de águas pluviais,05.04 A,-7.032272,-34.831042,1,0,0,5,Cabedelo
1489,20,2026-07-03 10:00:06,26,Ponta de Campina,Em frente a galeria de águas pluviais,05.04 A,-7.032272,-34.831042,1,0,0,5,Cabedelo
1525,32,2026-07-10 12:18:28,26,Ponta de Campina,Em frente a galeria de águas pluviais,05.04 A,-7.032272,-34.831042,1,0,0,5,Cabedelo
1577,30,2026-07-17 11:33:23,26,Ponta de Campina,Em frente a galeria de águas pluviais,05.04 A,-7.032272,-34.831042,1,0,0,5,Cabedelo
1624,14,2026-07-29 14:53:05,26,Ponta de Campina,Em frente a galeria de águas pluviais,05.04 A,-7.032272,-34.831042,1,0,0,5,Cabedelo
1655,66,2026-07-30 18:34:21,26,Ponta de Campina,Em frente a galeria de águas pluviais,05.04 A,-7.032272,-34.831042,1,0,0,5,Cabedelo
322,0,2026-05-14 13:43:08,27,Galeria Dr. Abel Beltrão,RUA DR. ABEL BELTRÃO,B1,-7.076567,-34.829906,1,1,0,5,Cabedelo
323,0,2026-05-14 13:43:09,27,Galeria Dr. Abel Beltrão,RUA DR. ABEL BELTRÃO,B1,-7.076567,-34.829906,1,1,0,5,Cabedelo
325,0,2026-05-14 13:43:10,27,Galeria Dr. Abel Beltrão,RUA DR. ABEL BELTRÃO,B1,-7.076567,-34.829906,1,1,0,5,Cabedelo
326,0,2026-05-14 13:43:11,27,Galeria Dr. Abel Beltrão,RUA DR. ABEL BELTRÃO,B1,-7.076567,-34.829906,1,1,0,5,Cabedelo
449,6300,2026-05-14 14:21:05,27,Galeria Dr. Abel Beltrão,RUA DR. ABEL BELTRÃO,B1,-7.076567,-34.829906,1,1,0,5,Cabedelo
697,0,2026-05-14 14:50:28,27,Galeria Dr. Abel Beltrão,RUA DR. ABEL BELTRÃO,B1,-7.076567,-34.829906,1,1,0,5,Cabedelo
888,2260,2026-05-14 15:11:40,27,Galeria Dr. Abel Beltrão,RUA DR. ABEL BELTRÃO,B1,-7.076567,-34.829906,1,1,0,5,Cabedelo
996,0,2026-05-14 15:20:56,27,Galeria Dr. Abel Beltrão,RUA DR. ABEL BELTRÃO,B1,-7.076567,-34.829906,1,1,0,5,Cabedelo
1061,0,2026-05-14 15:26:33,27,Galeria Dr. Abel Beltrão,RUA DR. ABEL BELTRÃO,B1,-7.076567,-34.829906,1,1,0,5,Cabedelo
1194,60000,2026-05-14 15:38:20,27,Galeria Dr. Abel Beltrão,RUA DR. ABEL BELTRÃO,B1,-7.076567,-34.829906,1,1,0,5,Cabedelo
68,0,2026-05-14 12:14:05,28,Intermares,Em frente ao Maceió de intermares,05.05,-7.045678,-34.840808,1,0,0,5,Cabedelo
69,0,2026-05-14 12:14:08,28,Intermares,Em frente ao Maceió de intermares,05.05,-7.045678,-34.840808,1,0,0,5,Cabedelo
70,0,2026-05-14 12:14:13,28,Intermares,Em frente ao Maceió de intermares,05.05,-7.045678,-34.840808,1,0,0,5,Cabedelo
71,480,2026-05-14 12:14:18,28,Intermares,Em frente ao Maceió de intermares,05.05,-7.045678,-34.840808,1,0,0,5,Cabedelo
72,0,2026-05-14 12:14:21,28,Intermares,Em frente ao Maceió de intermares,05.05,-7.045678,-34.840808,1,0,0,5,Cabedelo
413,44,2026-05-14 14:12:37,28,Intermares,Em frente ao Maceió de intermares,05.05,-7.045678,-34.840808,1,0,0,5,Cabedelo
447,24,2026-05-14 14:19:59,28,Intermares,Em frente ao Maceió de intermares,05.05,-7.045678,-34.840808,1,0,0,5,Cabedelo
517,0,2026-05-14 14:30:09,28,Intermares,Em frente ao Maceió de intermares,05.05,-7.045678,-34.840808,1,0,0,5,Cabedelo
570,24,2026-05-14 14:36:21,28,Intermares,Em frente ao Maceió de intermares,05.05,-7.045678,-34.840808,1,0,0,5,Cabedelo
634,4,2026-05-14 14:44:20,28,Intermares,Em frente ao Maceió de intermares,05.05,-7.045678,-34.840808,1,0,0,5,Cabedelo
696,118,2026-05-14 14:50:19,28,Intermares,Em frente ao Maceió de intermares,05.05,-7.045678,-34.840808,1,0,0,5,Cabedelo
764,12,2026-05-14 14:57:27,28,Intermares,Em frente ao Maceió de intermares,05.05,-7.045678,-34.840808,1,0,0,5,Cabedelo
824,2,2026-05-14 15:02:40,28,Intermares,Em frente ao Maceió de intermares,05.05,-7.045678,-34.840808,1,0,0,5,Cabedelo
887,8,2026-05-14 15:11:32,28,Intermares,Em frente ao Maceió de intermares,05.05,-7.045678,-34.840808,1,0,0,5,Cabedelo
940,14,2026-05-14 15:16:12,28,Intermares,Em frente ao Maceió de intermares,05.05,-7.045678,-34.840808,1,0,0,5,Cabedelo
995,18,2026-05-14 15:20:49,28,Intermares,Em frente ao Maceió de intermares,05.05,-7.045678,-34.840808,1,0,0,5,Cabedelo
1060,38,2026-05-14 15:26:25,28,Intermares,Em frente ao Maceió de intermares,05.05,-7.045678,-34.840808,1,0,0,5,Cabedelo
1112,10,2026-05-14 15:30:45,28,Intermares,Em frente ao Maceió de intermares,05.05,-7.045678,-34.840808,1,0,0,5,Cabedelo
1159,0,2026-05-14 15:34:46,28,Intermares,Em frente ao Maceió de intermares,05.05,-7.045678,-34.840808,1,0,0,5,Cabedelo
1193,0,2026-05-14 15:38:10,28,Intermares,Em frente ao Maceió de intermares,05.05,-7.045678,-34.840808,1,0,0,5,Cabedelo
1251,4,2026-05-27 10:51:54,28,Intermares,Em frente ao Maceió de intermares,05.05,-7.045678,-34.840808,1,0,0,5,Cabedelo
1286,4,2026-05-27 11:01:20,28,Intermares,Em frente ao Maceió de intermares,05.05,-7.045678,-34.840808,1,0,0,5,Cabedelo
1325,138,2026-05-29 11:47:27,28,Intermares,Em frente ao Maceió de intermares,05.05,-7.045678,-34.840808,1,0,0,5,Cabedelo
1355,0,2026-06-03 12:38:40,28,Intermares,Em frente ao Maceió de intermares,05.05,-7.045678,-34.840808,1,0,0,5,Cabedelo
1394,96,2026-06-12 11:51:47,28,Intermares,Em frente ao Maceió de intermares,05.05,-7.045678,-34.840808,1,0,0,5,Cabedelo
1437,10,2026-06-19 10:27:40,28,Intermares,Em frente ao Maceió de intermares,05.05,-7.045678,-34.840808,1,0,0,5,Cabedelo
1488,32,2026-07-03 10:00:05,28,Intermares,Em frente ao Maceió de intermares,05.05,-7.045678,-34.840808,1,0,0,5,Cabedelo
1524,0,2026-07-10 12:18:28,28,Intermares,Em frente ao Maceió de intermares,05.05,-7.045678,-34.840808,1,0,0,5,Cabedelo
1576,12,2026-07-17 11:33:23,28,Intermares,Em frente ao Maceió de intermares,05.05,-7.045678,-34.840808,1,0,0,5,Cabedelo
1625,4,2026-07-29 14:53:05,28,Intermares,Em frente ao Maceió de intermares,05.05,-7.045678,-34.840808,1,0,0,5,Cabedelo
1654,250,2026-07-30 18:34:21,28,Intermares,Em frente ao Maceió de intermares,05.05,-7.045678,-34.840808,1,0,0,5,Cabedelo
247,410,2026-05-14 13:35:53,29,Maceió Intermares,VIA LITORÂNEA PRESIDENTE AFONSO PENA,F1,-7.056792,-34.84365,1,1,0,5,Cabedelo
248,0,2026-05-14 13:35:54,29,Maceió Intermares,VIA LITORÂNEA PRESIDENTE AFONSO PENA,F1,-7.056792,-34.84365,1,1,0,5,Cabedelo
249,70,2026-05-14 13:35:57,29,Maceió Intermares,VIA LITORÂNEA PRESIDENTE AFONSO PENA,F1,-7.056792,-34.84365,1,1,0,5,Cabedelo
250,480,2026-05-14 13:36:02,29,Maceió Intermares,VIA LITORÂNEA PRESIDENTE AFONSO PENA,F1,-7.056792,-34.84365,1,1,0,5,Cabedelo
251,160,2026-05-14 13:36:05,29,Maceió Intermares,VIA LITORÂNEA PRESIDENTE AFONSO PENA,F1,-7.056792,-34.84365,1,1,0,5,Cabedelo
433,20,2026-05-14 14:14:49,29,Maceió Intermares,VIA LITORÂNEA PRESIDENTE AFONSO PENA,F1,-7.056792,-34.84365,1,1,0,5,Cabedelo
448,90,2026-05-14 14:20:20,29,Maceió Intermares,VIA LITORÂNEA PRESIDENTE AFONSO PENA,F1,-7.056792,-34.84365,1,1,0,5,Cabedelo
450,110,2026-05-14 14:21:41,29,Maceió Intermares,VIA LITORÂNEA PRESIDENTE AFONSO PENA,F1,-7.056792,-34.84365,1,1,0,5,Cabedelo
518,1180,2026-05-14 14:30:27,29,Maceió Intermares,VIA LITORÂNEA PRESIDENTE AFONSO PENA,F1,-7.056792,-34.84365,1,1,0,5,Cabedelo
571,530,2026-05-14 14:36:35,29,Maceió Intermares,VIA LITORÂNEA PRESIDENTE AFONSO PENA,F1,-7.056792,-34.84365,1,1,0,5,Cabedelo
635,30,2026-05-14 14:44:32,29,Maceió Intermares,VIA LITORÂNEA PRESIDENTE AFONSO PENA,F1,-7.056792,-34.84365,1,1,0,5,Cabedelo
698,70,2026-05-14 14:50:38,29,Maceió Intermares,VIA LITORÂNEA PRESIDENTE AFONSO PENA,F1,-7.056792,-34.84365,1,1,0,5,Cabedelo
765,1230,2026-05-14 14:57:38,29,Maceió Intermares,VIA LITORÂNEA PRESIDENTE AFONSO PENA,F1,-7.056792,-34.84365,1,1,0,5,Cabedelo
825,2750,2026-05-14 15:02:51,29,Maceió Intermares,VIA LITORÂNEA PRESIDENTE AFONSO PENA,F1,-7.056792,-34.84365,1,1,0,5,Cabedelo
889,10,2026-05-14 15:11:42,29,Maceió Intermares,VIA LITORÂNEA PRESIDENTE AFONSO PENA,F1,-7.056792,-34.84365,1,1,0,5,Cabedelo
941,0,2026-05-14 15:16:20,29,Maceió Intermares,VIA LITORÂNEA PRESIDENTE AFONSO PENA,F1,-7.056792,-34.84365,1,1,0,5,Cabedelo
997,0,2026-05-14 15:21:07,29,Maceió Intermares,VIA LITORÂNEA PRESIDENTE AFONSO PENA,F1,-7.056792,-34.84365,1,1,0,5,Cabedelo
1062,0,2026-05-14 15:26:36,29,Maceió Intermares,VIA LITORÂNEA PRESIDENTE AFONSO PENA,F1,-7.056792,-34.84365,1,1,0,5,Cabedelo
1113,0,2026-05-14 15:30:55,29,Maceió Intermares,VIA LITORÂNEA PRESIDENTE AFONSO PENA,F1,-7.056792,-34.84365,1,1,0,5,Cabedelo
1160,500,2026-05-14 15:34:58,29,Maceió Intermares,VIA LITORÂNEA PRESIDENTE AFONSO PENA,F1,-7.056792,-34.84365,1,1,0,5,Cabedelo
1195,1350,2026-05-14 15:38:24,29,Maceió Intermares,VIA LITORÂNEA PRESIDENTE AFONSO PENA,F1,-7.056792,-34.84365,1,1,0,5,Cabedelo
73,196,2026-05-14 12:15:00,30,Bessa I,Em frente a desembocadura do Maceió do Bessa,06.01,-7.065749,-34.839022,1,0,0,6,João Pessoa
74,32,2026-05-14 12:15:06,30,Bessa I,Em frente a desembocadura do Maceió do Bessa,06.01,-7.065749,-34.839022,1,0,0,6,João Pessoa
75,2,2026-05-14 12:15:10,30,Bessa I,Em frente a desembocadura do Maceió do Bessa,06.01,-7.065749,-34.839022,1,0,0,6,João Pessoa
76,80,2026-05-14 12:15:14,30,Bessa I,Em frente a desembocadura do Maceió do Bessa,06.01,-7.065749,-34.839022,1,0,0,6,João Pessoa
77,68,2026-05-14 12:15:19,30,Bessa I,Em frente a desembocadura do Maceió do Bessa,06.01,-7.065749,-34.839022,1,0,0,6,João Pessoa
387,324,2026-05-14 13:58:24,30,Bessa I,Em frente a desembocadura do Maceió do Bessa,06.01,-7.065749,-34.839022,1,0,0,6,João Pessoa
414,22,2026-05-14 14:12:45,30,Bessa I,Em frente a desembocadura do Maceió do Bessa,06.01,-7.065749,-34.839022,1,0,0,6,João Pessoa
451,108,2026-05-14 14:22:06,30,Bessa I,Em frente a desembocadura do Maceió do Bessa,06.01,-7.065749,-34.839022,1,0,0,6,João Pessoa
519,98,2026-05-14 14:30:46,30,Bessa I,Em frente a desembocadura do Maceió do Bessa,06.01,-7.065749,-34.839022,1,0,0,6,João Pessoa
572,700,2026-05-14 14:36:44,30,Bessa I,Em frente a desembocadura do Maceió do Bessa,06.01,-7.065749,-34.839022,1,0,0,6,João Pessoa
597,66,2026-05-14 14:40:06,30,Bessa I,Em frente a desembocadura do Maceió do Bessa,06.01,-7.065749,-34.839022,1,0,0,6,João Pessoa
636,66,2026-05-14 14:44:44,30,Bessa I,Em frente a desembocadura do Maceió do Bessa,06.01,-7.065749,-34.839022,1,0,0,6,João Pessoa
699,50,2026-05-14 14:50:49,30,Bessa I,Em frente a desembocadura do Maceió do Bessa,06.01,-7.065749,-34.839022,1,0,0,6,João Pessoa
766,16,2026-05-14 14:57:48,30,Bessa I,Em frente a desembocadura do Maceió do Bessa,06.01,-7.065749,-34.839022,1,0,0,6,João Pessoa
826,88,2026-05-14 15:03:01,30,Bessa I,Em frente a desembocadura do Maceió do Bessa,06.01,-7.065749,-34.839022,1,0,0,6,João Pessoa
827,14,2026-05-14 15:03:03,30,Bessa I,Em frente a desembocadura do Maceió do Bessa,06.01,-7.065749,-34.839022,1,0,0,6,João Pessoa
890,36,2026-05-14 15:11:54,30,Bessa I,Em frente a desembocadura do Maceió do Bessa,06.01,-7.065749,-34.839022,1,0,0,6,João Pessoa
942,0,2026-05-14 15:16:29,30,Bessa I,Em frente a desembocadura do Maceió do Bessa,06.01,-7.065749,-34.839022,1,0,0,6,João Pessoa
998,0,2026-05-14 15:21:14,30,Bessa I,Em frente a desembocadura do Maceió do Bessa,06.01,-7.065749,-34.839022,1,0,0,6,João Pessoa
1063,1114,2026-05-14 15:26:47,30,Bessa I,Em frente a desembocadura do Maceió do Bessa,06.01,-7.065749,-34.839022,1,0,0,6,João Pessoa
1114,150,2026-05-14 15:31:03,30,Bessa I,Em frente a desembocadura do Maceió do Bessa,06.01,-7.065749,-34.839022,1,0,0,6,João Pessoa
1161,6,2026-05-14 15:35:10,30,Bessa I,Em frente a desembocadura do Maceió do Bessa,06.01,-7.065749,-34.839022,1,0,0,6,João Pessoa
1196,82,2026-05-14 15:38:34,30,Bessa I,Em frente a desembocadura do Maceió do Bessa,06.01,-7.065749,-34.839022,1,0,0,6,João Pessoa
1252,84,2026-05-27 10:52:12,30,Bessa I,Em frente a desembocadura do Maceió do Bessa,06.01,-7.065749,-34.839022,1,0,0,6,João Pessoa
1287,738,2026-05-27 11:01:35,30,Bessa I,Em frente a desembocadura do Maceió do Bessa,06.01,-7.065749,-34.839022,1,0,0,6,João Pessoa
1326,506,2026-05-29 11:49:17,30,Bessa I,Em frente a desembocadura do Maceió do Bessa,06.01,-7.065749,-34.839022,1,0,0,6,João Pessoa
1380,68,2026-06-03 12:41:23,30,Bessa I,Em frente a desembocadura do Maceió do Bessa,06.01,-7.065749,-34.839022,1,0,0,6,João Pessoa
1462,76,2026-06-19 10:30:38,30,Bessa I,Em frente a desembocadura do Maceió do Bessa,06.01,-7.065749,-34.839022,1,0,0,6,João Pessoa
1481,40,2026-06-26 11:20:04,30,Bessa I,Em frente a desembocadura do Maceió do Bessa,06.01,-7.065749,-34.839022,1,0,0,6,João Pessoa
1513,0,2026-07-03 10:04:56,30,Bessa I,Em frente a desembocadura do Maceió do Bessa,06.01,-7.065749,-34.839022,1,0,0,6,João Pessoa
1538,26,2026-07-10 12:21:01,30,Bessa I,Em frente a desembocadura do Maceió do Bessa,06.01,-7.065749,-34.839022,1,0,0,6,João Pessoa
1601,0,2026-07-17 11:36:52,30,Bessa I,Em frente a desembocadura do Maceió do Bessa,06.01,-7.065749,-34.839022,1,0,0,6,João Pessoa
1635,532,2026-07-29 14:55:37,30,Bessa I,Em frente a desembocadura do Maceió do Bessa,06.01,-7.065749,-34.839022,1,0,0,6,João Pessoa
1680,36,2026-07-30 18:38:23,30,Bessa I,Em frente a desembocadura do Maceió do Bessa,06.01,-7.065749,-34.839022,1,0,0,6,João Pessoa
193,300,2026-05-14 13:30:20,31,Maceió do Bessa,RUA WILSON RIBEIRO DE MORAES,F2,-7.071125,-34.834283,1,1,0,6,João Pessoa
194,10500,2026-05-14 13:30:24,31,Maceió do Bessa,RUA WILSON RIBEIRO DE MORAES,F2,-7.071125,-34.834283,1,1,0,6,João Pessoa
195,4760,2026-05-14 13:30:29,31,Maceió do Bessa,RUA WILSON RIBEIRO DE MORAES,F2,-7.071125,-34.834283,1,1,0,6,João Pessoa
196,410,2026-05-14 13:30:31,31,Maceió do Bessa,RUA WILSON RIBEIRO DE MORAES,F2,-7.071125,-34.834283,1,1,0,6,João Pessoa
197,0,2026-05-14 13:30:35,31,Maceió do Bessa,RUA WILSON RIBEIRO DE MORAES,F2,-7.071125,-34.834283,1,1,0,6,João Pessoa
470,0,2026-05-14 14:24:41,31,Maceió do Bessa,RUA WILSON RIBEIRO DE MORAES,F2,-7.071125,-34.834283,1,1,0,6,João Pessoa
538,12750,2026-05-14 14:32:43,31,Maceió do Bessa,RUA WILSON RIBEIRO DE MORAES,F2,-7.071125,-34.834283,1,1,0,6,João Pessoa
590,0,2026-05-14 14:38:25,31,Maceió do Bessa,RUA WILSON RIBEIRO DE MORAES,F2,-7.071125,-34.834283,1,1,0,6,João Pessoa
655,15000,2026-05-14 14:46:28,31,Maceió do Bessa,RUA WILSON RIBEIRO DE MORAES,F2,-7.071125,-34.834283,1,1,0,6,João Pessoa
718,7520,2026-05-14 14:52:19,31,Maceió do Bessa,RUA WILSON RIBEIRO DE MORAES,F2,-7.071125,-34.834283,1,1,0,6,João Pessoa
785,4400,2026-05-14 14:59:09,31,Maceió do Bessa,RUA WILSON RIBEIRO DE MORAES,F2,-7.071125,-34.834283,1,1,0,6,João Pessoa
846,0,2026-05-14 15:08:00,31,Maceió do Bessa,RUA WILSON RIBEIRO DE MORAES,F2,-7.071125,-34.834283,1,1,0,6,João Pessoa
909,160,2026-05-14 15:13:14,31,Maceió do Bessa,RUA WILSON RIBEIRO DE MORAES,F2,-7.071125,-34.834283,1,1,0,6,João Pessoa
961,0,2026-05-14 15:17:50,31,Maceió do Bessa,RUA WILSON RIBEIRO DE MORAES,F2,-7.071125,-34.834283,1,1,0,6,João Pessoa
1016,0,2026-05-14 15:22:34,31,Maceió do Bessa,RUA WILSON RIBEIRO DE MORAES,F2,-7.071125,-34.834283,1,1,0,6,João Pessoa
1082,0,2026-05-14 15:28:00,31,Maceió do Bessa,RUA WILSON RIBEIRO DE MORAES,F2,-7.071125,-34.834283,1,1,0,6,João Pessoa
1133,2020,2026-05-14 15:32:24,31,Maceió do Bessa,RUA WILSON RIBEIRO DE MORAES,F2,-7.071125,-34.834283,1,1,0,6,João Pessoa
1179,1050,2026-05-14 15:36:20,31,Maceió do Bessa,RUA WILSON RIBEIRO DE MORAES,F2,-7.071125,-34.834283,1,1,0,6,João Pessoa
1215,0,2026-05-14 15:39:49,31,Maceió do Bessa,RUA WILSON RIBEIRO DE MORAES,F2,-7.071125,-34.834283,1,1,0,6,João Pessoa
83,60,2026-05-14 12:16:32,32,Bessa,Rua Severino Nicolau de Melo,06.01.1,-7.07479,-34.829475,1,0,0,6,João Pessoa
84,0,2026-05-14 12:16:36,32,Bessa,Rua Severino Nicolau de Melo,06.01.1,-7.07479,-34.829475,1,0,0,6,João Pessoa
85,0,2026-05-14 12:16:38,32,Bessa,Rua Severino Nicolau de Melo,06.01.1,-7.07479,-34.829475,1,0,0,6,João Pessoa
86,14,2026-05-14 12:16:41,32,Bessa,Rua Severino Nicolau de Melo,06.01.1,-7.07479,-34.829475,1,0,0,6,João Pessoa
87,14,2026-05-14 12:16:44,32,Bessa,Rua Severino Nicolau de Melo,06.01.1,-7.07479,-34.829475,1,0,0,6,João Pessoa
389,8,2026-05-14 13:58:43,32,Bessa,Rua Severino Nicolau de Melo,06.01.1,-7.07479,-34.829475,1,0,0,6,João Pessoa
416,6,2026-05-14 14:12:58,32,Bessa,Rua Severino Nicolau de Melo,06.01.1,-7.07479,-34.829475,1,0,0,6,João Pessoa
453,14,2026-05-14 14:22:40,32,Bessa,Rua Severino Nicolau de Melo,06.01.1,-7.07479,-34.829475,1,0,0,6,João Pessoa
521,366,2026-05-14 14:30:56,32,Bessa,Rua Severino Nicolau de Melo,06.01.1,-7.07479,-34.829475,1,0,0,6,João Pessoa
574,10,2026-05-14 14:36:55,32,Bessa,Rua Severino Nicolau de Melo,06.01.1,-7.07479,-34.829475,1,0,0,6,João Pessoa
599,8,2026-05-14 14:40:14,32,Bessa,Rua Severino Nicolau de Melo,06.01.1,-7.07479,-34.829475,1,0,0,6,João Pessoa
638,18,2026-05-14 14:44:49,32,Bessa,Rua Severino Nicolau de Melo,06.01.1,-7.07479,-34.829475,1,0,0,6,João Pessoa
701,12,2026-05-14 14:50:58,32,Bessa,Rua Severino Nicolau de Melo,06.01.1,-7.07479,-34.829475,1,0,0,6,João Pessoa
768,2,2026-05-14 14:57:52,32,Bessa,Rua Severino Nicolau de Melo,06.01.1,-7.07479,-34.829475,1,0,0,6,João Pessoa
829,24,2026-05-14 15:03:45,32,Bessa,Rua Severino Nicolau de Melo,06.01.1,-7.07479,-34.829475,1,0,0,6,João Pessoa
892,48,2026-05-14 15:11:59,32,Bessa,Rua Severino Nicolau de Melo,06.01.1,-7.07479,-34.829475,1,0,0,6,João Pessoa
944,68,2026-05-14 15:16:37,32,Bessa,Rua Severino Nicolau de Melo,06.01.1,-7.07479,-34.829475,1,0,0,6,João Pessoa
1000,180,2026-05-14 15:21:20,32,Bessa,Rua Severino Nicolau de Melo,06.01.1,-7.07479,-34.829475,1,0,0,6,João Pessoa
1065,2,2026-05-14 15:26:54,32,Bessa,Rua Severino Nicolau de Melo,06.01.1,-7.07479,-34.829475,1,0,0,6,João Pessoa
1116,10,2026-05-14 15:31:08,32,Bessa,Rua Severino Nicolau de Melo,06.01.1,-7.07479,-34.829475,1,0,0,6,João Pessoa
1163,16,2026-05-14 15:35:14,32,Bessa,Rua Severino Nicolau de Melo,06.01.1,-7.07479,-34.829475,1,0,0,6,João Pessoa
1198,86,2026-05-14 15:38:42,32,Bessa,Rua Severino Nicolau de Melo,06.01.1,-7.07479,-34.829475,1,0,0,6,João Pessoa
1254,10,2026-05-27 10:52:35,32,Bessa,Rua Severino Nicolau de Melo,06.01.1,-7.07479,-34.829475,1,0,0,6,João Pessoa
1288,382,2026-05-27 11:01:55,32,Bessa,Rua Severino Nicolau de Melo,06.01.1,-7.07479,-34.829475,1,0,0,6,João Pessoa
1328,684,2026-05-29 11:49:18,32,Bessa,Rua Severino Nicolau de Melo,06.01.1,-7.07479,-34.829475,1,0,0,6,João Pessoa
1378,230,2026-06-03 12:41:22,32,Bessa,Rua Severino Nicolau de Melo,06.01.1,-7.07479,-34.829475,1,0,0,6,João Pessoa
1417,10,2026-06-12 11:56:01,32,Bessa,Rua Severino Nicolau de Melo,06.01.1,-7.07479,-34.829475,1,0,0,6,João Pessoa
1460,0,2026-06-19 10:30:37,32,Bessa,Rua Severino Nicolau de Melo,06.01.1,-7.07479,-34.829475,1,0,0,6,João Pessoa
1479,22,2026-06-26 11:20:03,32,Bessa,Rua Severino Nicolau de Melo,06.01.1,-7.07479,-34.829475,1,0,0,6,João Pessoa
1511,18,2026-07-03 10:04:55,32,Bessa,Rua Severino Nicolau de Melo,06.01.1,-7.07479,-34.829475,1,0,0,6,João Pessoa
1536,0,2026-07-10 12:21:00,32,Bessa,Rua Severino Nicolau de Melo,06.01.1,-7.07479,-34.829475,1,0,0,6,João Pessoa
1599,16,2026-07-17 11:36:50,32,Bessa,Rua Severino Nicolau de Melo,06.01.1,-7.07479,-34.829475,1,0,0,6,João Pessoa
1634,126,2026-07-29 14:55:36,32,Bessa,Rua Severino Nicolau de Melo,06.01.1,-7.07479,-34.829475,1,0,0,6,João Pessoa
1678,106,2026-07-30 18:38:20,32,Bessa,Rua Severino Nicolau de Melo,06.01.1,-7.07479,-34.829475,1,0,0,6,João Pessoa
78,136,2026-05-14 12:15:34,33,Bessa II,Final da Av. Gov. Flávio Ribeiro Coutinho,06.01 A,-7.0947,-34.833167,1,0,0,6,João Pessoa
79,2,2026-05-14 12:15:37,33,Bessa II,Final da Av. Gov. Flávio Ribeiro Coutinho,06.01 A,-7.0947,-34.833167,1,0,0,6,João Pessoa
80,0,2026-05-14 12:15:40,33,Bessa II,Final da Av. Gov. Flávio Ribeiro Coutinho,06.01 A,-7.0947,-34.833167,1,0,0,6,João Pessoa
81,0,2026-05-14 12:15:42,33,Bessa II,Final da Av. Gov. Flávio Ribeiro Coutinho,06.01 A,-7.0947,-34.833167,1,0,0,6,João Pessoa
82,0,2026-05-14 12:15:47,33,Bessa II,Final da Av. Gov. Flávio Ribeiro Coutinho,06.01 A,-7.0947,-34.833167,1,0,0,6,João Pessoa
388,344,2026-05-14 13:58:31,33,Bessa II,Final da Av. Gov. Flávio Ribeiro Coutinho,06.01 A,-7.0947,-34.833167,1,0,0,6,João Pessoa
415,14,2026-05-14 14:12:52,33,Bessa II,Final da Av. Gov. Flávio Ribeiro Coutinho,06.01 A,-7.0947,-34.833167,1,0,0,6,João Pessoa
452,4,2026-05-14 14:22:16,33,Bessa II,Final da Av. Gov. Flávio Ribeiro Coutinho,06.01 A,-7.0947,-34.833167,1,0,0,6,João Pessoa
520,6,2026-05-14 14:30:50,33,Bessa II,Final da Av. Gov. Flávio Ribeiro Coutinho,06.01 A,-7.0947,-34.833167,1,0,0,6,João Pessoa
573,704,2026-05-14 14:36:50,33,Bessa II,Final da Av. Gov. Flávio Ribeiro Coutinho,06.01 A,-7.0947,-34.833167,1,0,0,6,João Pessoa
598,20,2026-05-14 14:40:11,33,Bessa II,Final da Av. Gov. Flávio Ribeiro Coutinho,06.01 A,-7.0947,-34.833167,1,0,0,6,João Pessoa
637,0,2026-05-14 14:44:46,33,Bessa II,Final da Av. Gov. Flávio Ribeiro Coutinho,06.01 A,-7.0947,-34.833167,1,0,0,6,João Pessoa
700,96,2026-05-14 14:50:53,33,Bessa II,Final da Av. Gov. Flávio Ribeiro Coutinho,06.01 A,-7.0947,-34.833167,1,0,0,6,João Pessoa
767,244,2026-05-14 14:57:50,33,Bessa II,Final da Av. Gov. Flávio Ribeiro Coutinho,06.01 A,-7.0947,-34.833167,1,0,0,6,João Pessoa
828,0,2026-05-14 15:03:07,33,Bessa II,Final da Av. Gov. Flávio Ribeiro Coutinho,06.01 A,-7.0947,-34.833167,1,0,0,6,João Pessoa
891,0,2026-05-14 15:11:57,33,Bessa II,Final da Av. Gov. Flávio Ribeiro Coutinho,06.01 A,-7.0947,-34.833167,1,0,0,6,João Pessoa
943,0,2026-05-14 15:16:34,33,Bessa II,Final da Av. Gov. Flávio Ribeiro Coutinho,06.01 A,-7.0947,-34.833167,1,0,0,6,João Pessoa
999,186,2026-05-14 15:21:17,33,Bessa II,Final da Av. Gov. Flávio Ribeiro Coutinho,06.01 A,-7.0947,-34.833167,1,0,0,6,João Pessoa
1064,8,2026-05-14 15:26:50,33,Bessa II,Final da Av. Gov. Flávio Ribeiro Coutinho,06.01 A,-7.0947,-34.833167,1,0,0,6,João Pessoa
1115,18,2026-05-14 15:31:06,33,Bessa II,Final da Av. Gov. Flávio Ribeiro Coutinho,06.01 A,-7.0947,-34.833167,1,0,0,6,João Pessoa
1162,8,2026-05-14 15:35:12,33,Bessa II,Final da Av. Gov. Flávio Ribeiro Coutinho,06.01 A,-7.0947,-34.833167,1,0,0,6,João Pessoa
1197,6,2026-05-14 15:38:36,33,Bessa II,Final da Av. Gov. Flávio Ribeiro Coutinho,06.01 A,-7.0947,-34.833167,1,0,0,6,João Pessoa
1253,0,2026-05-27 10:52:29,33,Bessa II,Final da Av. Gov. Flávio Ribeiro Coutinho,06.01 A,-7.0947,-34.833167,1,0,0,6,João Pessoa
1289,0,2026-05-27 11:02:01,33,Bessa II,Final da Av. Gov. Flávio Ribeiro Coutinho,06.01 A,-7.0947,-34.833167,1,0,0,6,João Pessoa
1327,16,2026-05-29 11:49:18,33,Bessa II,Final da Av. Gov. Flávio Ribeiro Coutinho,06.01 A,-7.0947,-34.833167,1,0,0,6,João Pessoa
1379,0,2026-06-03 12:41:23,33,Bessa II,Final da Av. Gov. Flávio Ribeiro Coutinho,06.01 A,-7.0947,-34.833167,1,0,0,6,João Pessoa
1418,36,2026-06-12 11:56:03,33,Bessa II,Final da Av. Gov. Flávio Ribeiro Coutinho,06.01 A,-7.0947,-34.833167,1,0,0,6,João Pessoa
1461,26,2026-06-19 10:30:37,33,Bessa II,Final da Av. Gov. Flávio Ribeiro Coutinho,06.01 A,-7.0947,-34.833167,1,0,0,6,João Pessoa
1480,146,2026-06-26 11:20:04,33,Bessa II,Final da Av. Gov. Flávio Ribeiro Coutinho,06.01 A,-7.0947,-34.833167,1,0,0,6,João Pessoa
1512,20,2026-07-03 10:04:56,33,Bessa II,Final da Av. Gov. Flávio Ribeiro Coutinho,06.01 A,-7.0947,-34.833167,1,0,0,6,João Pessoa
1537,0,2026-07-10 12:21:00,33,Bessa II,Final da Av. Gov. Flávio Ribeiro Coutinho,06.01 A,-7.0947,-34.833167,1,0,0,6,João Pessoa
1600,350,2026-07-17 11:36:51,33,Bessa II,Final da Av. Gov. Flávio Ribeiro Coutinho,06.01 A,-7.0947,-34.833167,1,0,0,6,João Pessoa
1679,80,2026-07-30 18:38:22,33,Bessa II,Final da Av. Gov. Flávio Ribeiro Coutinho,06.01 A,-7.0947,-34.833167,1,0,0,6,João Pessoa
88,120,2026-05-14 12:17:19,34,Manaíra (Quadra),Em frente a quadra de Manaíra,06.02 B,-7.105142,-34.828158,1,0,0,6,João Pessoa
89,0,2026-05-14 12:17:24,34,Manaíra (Quadra),Em frente a quadra de Manaíra,06.02 B,-7.105142,-34.828158,1,0,0,6,João Pessoa
90,120,2026-05-14 12:17:28,34,Manaíra (Quadra),Em frente a quadra de Manaíra,06.02 B,-7.105142,-34.828158,1,0,0,6,João Pessoa
91,10,2026-05-14 12:17:33,34,Manaíra (Quadra),Em frente a quadra de Manaíra,06.02 B,-7.105142,-34.828158,1,0,0,6,João Pessoa
92,0,2026-05-14 12:17:36,34,Manaíra (Quadra),Em frente a quadra de Manaíra,06.02 B,-7.105142,-34.828158,1,0,0,6,João Pessoa
390,500,2026-05-14 13:59:03,34,Manaíra (Quadra),Em frente a quadra de Manaíra,06.02 B,-7.105142,-34.828158,1,0,0,6,João Pessoa
417,10,2026-05-14 14:13:04,34,Manaíra (Quadra),Em frente a quadra de Manaíra,06.02 B,-7.105142,-34.828158,1,0,0,6,João Pessoa
454,80,2026-05-14 14:22:47,34,Manaíra (Quadra),Em frente a quadra de Manaíra,06.02 B,-7.105142,-34.828158,1,0,0,6,João Pessoa
522,1310,2026-05-14 14:31:03,34,Manaíra (Quadra),Em frente a quadra de Manaíra,06.02 B,-7.105142,-34.828158,1,0,0,6,João Pessoa
575,890,2026-05-14 14:36:59,34,Manaíra (Quadra),Em frente a quadra de Manaíra,06.02 B,-7.105142,-34.828158,1,0,0,6,João Pessoa
600,140,2026-05-14 14:40:18,34,Manaíra (Quadra),Em frente a quadra de Manaíra,06.02 B,-7.105142,-34.828158,1,0,0,6,João Pessoa
639,20,2026-05-14 14:44:54,34,Manaíra (Quadra),Em frente a quadra de Manaíra,06.02 B,-7.105142,-34.828158,1,0,0,6,João Pessoa
702,50,2026-05-14 14:51:02,34,Manaíra (Quadra),Em frente a quadra de Manaíra,06.02 B,-7.105142,-34.828158,1,0,0,6,João Pessoa
769,780,2026-05-14 14:57:56,34,Manaíra (Quadra),Em frente a quadra de Manaíra,06.02 B,-7.105142,-34.828158,1,0,0,6,João Pessoa
830,90,2026-05-14 15:06:47,34,Manaíra (Quadra),Em frente a quadra de Manaíra,06.02 B,-7.105142,-34.828158,1,0,0,6,João Pessoa
893,0,2026-05-14 15:12:02,34,Manaíra (Quadra),Em frente a quadra de Manaíra,06.02 B,-7.105142,-34.828158,1,0,0,6,João Pessoa
945,10,2026-05-14 15:16:40,34,Manaíra (Quadra),Em frente a quadra de Manaíra,06.02 B,-7.105142,-34.828158,1,0,0,6,João Pessoa
1001,420,2026-05-14 15:21:24,34,Manaíra (Quadra),Em frente a quadra de Manaíra,06.02 B,-7.105142,-34.828158,1,0,0,6,João Pessoa
1066,310,2026-05-14 15:26:57,34,Manaíra (Quadra),Em frente a quadra de Manaíra,06.02 B,-7.105142,-34.828158,1,0,0,6,João Pessoa
1117,30,2026-05-14 15:31:12,34,Manaíra (Quadra),Em frente a quadra de Manaíra,06.02 B,-7.105142,-34.828158,1,0,0,6,João Pessoa
1164,110,2026-05-14 15:35:18,34,Manaíra (Quadra),Em frente a quadra de Manaíra,06.02 B,-7.105142,-34.828158,1,0,0,6,João Pessoa
1199,300,2026-05-14 15:38:45,34,Manaíra (Quadra),Em frente a quadra de Manaíra,06.02 B,-7.105142,-34.828158,1,0,0,6,João Pessoa
1255,100,2026-05-27 10:52:49,34,Manaíra (Quadra),Em frente a quadra de Manaíra,06.02 B,-7.105142,-34.828158,1,0,0,6,João Pessoa
1291,70,2026-05-27 11:02:32,34,Manaíra (Quadra),Em frente a quadra de Manaíra,06.02 B,-7.105142,-34.828158,1,0,0,6,João Pessoa
1329,210,2026-05-29 11:49:19,34,Manaíra (Quadra),Em frente a quadra de Manaíra,06.02 B,-7.105142,-34.828158,1,0,0,6,João Pessoa
1377,180,2026-06-03 12:41:19,34,Manaíra (Quadra),Em frente a quadra de Manaíra,06.02 B,-7.105142,-34.828158,1,0,0,6,João Pessoa
1416,0,2026-06-12 11:56:00,34,Manaíra (Quadra),Em frente a quadra de Manaíra,06.02 B,-7.105142,-34.828158,1,0,0,6,João Pessoa
1459,0,2026-06-19 10:30:36,34,Manaíra (Quadra),Em frente a quadra de Manaíra,06.02 B,-7.105142,-34.828158,1,0,0,6,João Pessoa
1478,70,2026-06-26 11:20:02,34,Manaíra (Quadra),Em frente a quadra de Manaíra,06.02 B,-7.105142,-34.828158,1,0,0,6,João Pessoa
1510,500,2026-07-03 10:04:55,34,Manaíra (Quadra),Em frente a quadra de Manaíra,06.02 B,-7.105142,-34.828158,1,0,0,6,João Pessoa
1535,190,2026-07-10 12:20:59,34,Manaíra (Quadra),Em frente a quadra de Manaíra,06.02 B,-7.105142,-34.828158,1,0,0,6,João Pessoa
1598,490,2026-07-17 11:36:49,34,Manaíra (Quadra),Em frente a quadra de Manaíra,06.02 B,-7.105142,-34.828158,1,0,0,6,João Pessoa
1633,3730,2026-07-29 14:55:35,34,Manaíra (Quadra),Em frente a quadra de Manaíra,06.02 B,-7.105142,-34.828158,1,0,0,6,João Pessoa
1677,210,2026-07-30 18:38:19,34,Manaíra (Quadra),Em frente a quadra de Manaíra,06.02 B,-7.105142,-34.828158,1,0,0,6,João Pessoa
93,60,2026-05-14 12:57:09,35,Manaíra (Residencia 1461),Em frente ao N° 1461 da Av. João Maurício,06.02 B3,-7.099458,-34.831922,1,0,0,6,João Pessoa
94,110,2026-05-14 12:57:12,35,Manaíra (Residencia 1461),Em frente ao N° 1461 da Av. João Maurício,06.02 B3,-7.099458,-34.831922,1,0,0,6,João Pessoa
95,30,2026-05-14 12:57:15,35,Manaíra (Residencia 1461),Em frente ao N° 1461 da Av. João Maurício,06.02 B3,-7.099458,-34.831922,1,0,0,6,João Pessoa
100,0,2026-05-14 13:16:29,35,Manaíra (Residencia 1461),Em frente ao N° 1461 da Av. João Maurício,06.02 B3,-7.099458,-34.831922,1,0,0,6,João Pessoa
101,100,2026-05-14 13:16:36,35,Manaíra (Residencia 1461),Em frente ao N° 1461 da Av. João Maurício,06.02 B3,-7.099458,-34.831922,1,0,0,6,João Pessoa
391,480,2026-05-14 13:59:30,35,Manaíra (Residencia 1461),Em frente ao N° 1461 da Av. João Maurício,06.02 B3,-7.099458,-34.831922,1,0,0,6,João Pessoa
418,110,2026-05-14 14:13:08,35,Manaíra (Residencia 1461),Em frente ao N° 1461 da Av. João Maurício,06.02 B3,-7.099458,-34.831922,1,0,0,6,João Pessoa
455,0,2026-05-14 14:22:55,35,Manaíra (Residencia 1461),Em frente ao N° 1461 da Av. João Maurício,06.02 B3,-7.099458,-34.831922,1,0,0,6,João Pessoa
523,450,2026-05-14 14:31:08,35,Manaíra (Residencia 1461),Em frente ao N° 1461 da Av. João Maurício,06.02 B3,-7.099458,-34.831922,1,0,0,6,João Pessoa
576,950,2026-05-14 14:37:05,35,Manaíra (Residencia 1461),Em frente ao N° 1461 da Av. João Maurício,06.02 B3,-7.099458,-34.831922,1,0,0,6,João Pessoa
601,460,2026-05-14 14:40:22,35,Manaíra (Residencia 1461),Em frente ao N° 1461 da Av. João Maurício,06.02 B3,-7.099458,-34.831922,1,0,0,6,João Pessoa
640,0,2026-05-14 14:44:59,35,Manaíra (Residencia 1461),Em frente ao N° 1461 da Av. João Maurício,06.02 B3,-7.099458,-34.831922,1,0,0,6,João Pessoa
703,60,2026-05-14 14:51:07,35,Manaíra (Residencia 1461),Em frente ao N° 1461 da Av. João Maurício,06.02 B3,-7.099458,-34.831922,1,0,0,6,João Pessoa
770,600,2026-05-14 14:58:00,35,Manaíra (Residencia 1461),Em frente ao N° 1461 da Av. João Maurício,06.02 B3,-7.099458,-34.831922,1,0,0,6,João Pessoa
831,20,2026-05-14 15:06:52,35,Manaíra (Residencia 1461),Em frente ao N° 1461 da Av. João Maurício,06.02 B3,-7.099458,-34.831922,1,0,0,6,João Pessoa
894,0,2026-05-14 15:12:07,35,Manaíra (Residencia 1461),Em frente ao N° 1461 da Av. João Maurício,06.02 B3,-7.099458,-34.831922,1,0,0,6,João Pessoa
946,10,2026-05-14 15:16:44,35,Manaíra (Residencia 1461),Em frente ao N° 1461 da Av. João Maurício,06.02 B3,-7.099458,-34.831922,1,0,0,6,João Pessoa
1002,600,2026-05-14 15:21:28,35,Manaíra (Residencia 1461),Em frente ao N° 1461 da Av. João Maurício,06.02 B3,-7.099458,-34.831922,1,0,0,6,João Pessoa
1067,0,2026-05-14 15:26:59,35,Manaíra (Residencia 1461),Em frente ao N° 1461 da Av. João Maurício,06.02 B3,-7.099458,-34.831922,1,0,0,6,João Pessoa
1118,70,2026-05-14 15:31:14,35,Manaíra (Residencia 1461),Em frente ao N° 1461 da Av. João Maurício,06.02 B3,-7.099458,-34.831922,1,0,0,6,João Pessoa
1165,220,2026-05-14 15:35:20,35,Manaíra (Residencia 1461),Em frente ao N° 1461 da Av. João Maurício,06.02 B3,-7.099458,-34.831922,1,0,0,6,João Pessoa
1200,90,2026-05-14 15:38:51,35,Manaíra (Residencia 1461),Em frente ao N° 1461 da Av. João Maurício,06.02 B3,-7.099458,-34.831922,1,0,0,6,João Pessoa
1256,60,2026-05-27 10:52:55,35,Manaíra (Residencia 1461),Em frente ao N° 1461 da Av. João Maurício,06.02 B3,-7.099458,-34.831922,1,0,0,6,João Pessoa
1290,400,2026-05-27 11:02:22,35,Manaíra (Residencia 1461),Em frente ao N° 1461 da Av. João Maurício,06.02 B3,-7.099458,-34.831922,1,0,0,6,João Pessoa
1330,10,2026-05-29 11:49:19,35,Manaíra (Residencia 1461),Em frente ao N° 1461 da Av. João Maurício,06.02 B3,-7.099458,-34.831922,1,0,0,6,João Pessoa
1376,20,2026-06-03 12:41:19,35,Manaíra (Residencia 1461),Em frente ao N° 1461 da Av. João Maurício,06.02 B3,-7.099458,-34.831922,1,0,0,6,João Pessoa
1415,70,2026-06-12 11:55:59,35,Manaíra (Residencia 1461),Em frente ao N° 1461 da Av. João Maurício,06.02 B3,-7.099458,-34.831922,1,0,0,6,João Pessoa
1458,30,2026-06-19 10:30:34,35,Manaíra (Residencia 1461),Em frente ao N° 1461 da Av. João Maurício,06.02 B3,-7.099458,-34.831922,1,0,0,6,João Pessoa
1477,80,2026-06-26 11:20:02,35,Manaíra (Residencia 1461),Em frente ao N° 1461 da Av. João Maurício,06.02 B3,-7.099458,-34.831922,1,0,0,6,João Pessoa
1509,410,2026-07-03 10:04:54,35,Manaíra (Residencia 1461),Em frente ao N° 1461 da Av. João Maurício,06.02 B3,-7.099458,-34.831922,1,0,0,6,João Pessoa
1534,0,2026-07-10 12:20:58,35,Manaíra (Residencia 1461),Em frente ao N° 1461 da Av. João Maurício,06.02 B3,-7.099458,-34.831922,1,0,0,6,João Pessoa
1597,470,2026-07-17 11:36:49,35,Manaíra (Residencia 1461),Em frente ao N° 1461 da Av. João Maurício,06.02 B3,-7.099458,-34.831922,1,0,0,6,João Pessoa
1632,4140,2026-07-29 14:55:34,35,Manaíra (Residencia 1461),Em frente ao N° 1461 da Av. João Maurício,06.02 B3,-7.099458,-34.831922,1,0,0,6,João Pessoa
1676,50,2026-07-30 18:38:17,35,Manaíra (Residencia 1461),Em frente ao N° 1461 da Av. João Maurício,06.02 B3,-7.099458,-34.831922,1,0,0,6,João Pessoa
102,690,2026-05-14 13:17:13,36,Manaíra (Barramas),No final da AVENIDA SENADOR RUY CARNEIRO,06.02 C,-7.109472,-34.823375,1,0,0,6,João Pessoa
103,150,2026-05-14 13:17:23,36,Manaíra (Barramas),No final da AVENIDA SENADOR RUY CARNEIRO,06.02 C,-7.109472,-34.823375,1,0,0,6,João Pessoa
104,20,2026-05-14 13:17:28,36,Manaíra (Barramas),No final da AVENIDA SENADOR RUY CARNEIRO,06.02 C,-7.109472,-34.823375,1,0,0,6,João Pessoa
105,60,2026-05-14 13:17:31,36,Manaíra (Barramas),No final da AVENIDA SENADOR RUY CARNEIRO,06.02 C,-7.109472,-34.823375,1,0,0,6,João Pessoa
106,30,2026-05-14 13:17:48,36,Manaíra (Barramas),No final da AVENIDA SENADOR RUY CARNEIRO,06.02 C,-7.109472,-34.823375,1,0,0,6,João Pessoa
392,20,2026-05-14 13:59:43,36,Manaíra (Barramas),No final da AVENIDA SENADOR RUY CARNEIRO,06.02 C,-7.109472,-34.823375,1,0,0,6,João Pessoa
419,60,2026-05-14 14:13:19,36,Manaíra (Barramas),No final da AVENIDA SENADOR RUY CARNEIRO,06.02 C,-7.109472,-34.823375,1,0,0,6,João Pessoa
456,180,2026-05-14 14:23:03,36,Manaíra (Barramas),No final da AVENIDA SENADOR RUY CARNEIRO,06.02 C,-7.109472,-34.823375,1,0,0,6,João Pessoa
524,1670,2026-05-14 14:31:18,36,Manaíra (Barramas),No final da AVENIDA SENADOR RUY CARNEIRO,06.02 C,-7.109472,-34.823375,1,0,0,6,João Pessoa
577,1120,2026-05-14 14:37:10,36,Manaíra (Barramas),No final da AVENIDA SENADOR RUY CARNEIRO,06.02 C,-7.109472,-34.823375,1,0,0,6,João Pessoa
602,120,2026-05-14 14:40:31,36,Manaíra (Barramas),No final da AVENIDA SENADOR RUY CARNEIRO,06.02 C,-7.109472,-34.823375,1,0,0,6,João Pessoa
641,50,2026-05-14 14:45:06,36,Manaíra (Barramas),No final da AVENIDA SENADOR RUY CARNEIRO,06.02 C,-7.109472,-34.823375,1,0,0,6,João Pessoa
704,1520,2026-05-14 14:51:10,36,Manaíra (Barramas),No final da AVENIDA SENADOR RUY CARNEIRO,06.02 C,-7.109472,-34.823375,1,0,0,6,João Pessoa
771,1030,2026-05-14 14:58:04,36,Manaíra (Barramas),No final da AVENIDA SENADOR RUY CARNEIRO,06.02 C,-7.109472,-34.823375,1,0,0,6,João Pessoa
832,0,2026-05-14 15:06:56,36,Manaíra (Barramas),No final da AVENIDA SENADOR RUY CARNEIRO,06.02 C,-7.109472,-34.823375,1,0,0,6,João Pessoa
895,0,2026-05-14 15:12:09,36,Manaíra (Barramas),No final da AVENIDA SENADOR RUY CARNEIRO,06.02 C,-7.109472,-34.823375,1,0,0,6,João Pessoa
947,0,2026-05-14 15:16:50,36,Manaíra (Barramas),No final da AVENIDA SENADOR RUY CARNEIRO,06.02 C,-7.109472,-34.823375,1,0,0,6,João Pessoa
1003,3300,2026-05-14 15:21:34,36,Manaíra (Barramas),No final da AVENIDA SENADOR RUY CARNEIRO,06.02 C,-7.109472,-34.823375,1,0,0,6,João Pessoa
1068,520,2026-05-14 15:27:05,36,Manaíra (Barramas),No final da AVENIDA SENADOR RUY CARNEIRO,06.02 C,-7.109472,-34.823375,1,0,0,6,João Pessoa
1119,420,2026-05-14 15:31:21,36,Manaíra (Barramas),No final da AVENIDA SENADOR RUY CARNEIRO,06.02 C,-7.109472,-34.823375,1,0,0,6,João Pessoa
1166,780,2026-05-14 15:35:27,36,Manaíra (Barramas),No final da AVENIDA SENADOR RUY CARNEIRO,06.02 C,-7.109472,-34.823375,1,0,0,6,João Pessoa
1201,1550,2026-05-14 15:38:55,36,Manaíra (Barramas),No final da AVENIDA SENADOR RUY CARNEIRO,06.02 C,-7.109472,-34.823375,1,0,0,6,João Pessoa
1257,1620,2026-05-27 10:53:06,36,Manaíra (Barramas),No final da AVENIDA SENADOR RUY CARNEIRO,06.02 C,-7.109472,-34.823375,1,0,0,6,João Pessoa
1293,970,2026-05-27 11:03:18,36,Manaíra (Barramas),No final da AVENIDA SENADOR RUY CARNEIRO,06.02 C,-7.109472,-34.823375,1,0,0,6,João Pessoa
1331,570,2026-05-29 11:49:20,36,Manaíra (Barramas),No final da AVENIDA SENADOR RUY CARNEIRO,06.02 C,-7.109472,-34.823375,1,0,0,6,João Pessoa
1375,210,2026-06-03 12:41:18,36,Manaíra (Barramas),No final da AVENIDA SENADOR RUY CARNEIRO,06.02 C,-7.109472,-34.823375,1,0,0,6,João Pessoa
1414,840,2026-06-12 11:55:57,36,Manaíra (Barramas),No final da AVENIDA SENADOR RUY CARNEIRO,06.02 C,-7.109472,-34.823375,1,0,0,6,João Pessoa
1476,1005,2026-06-26 11:20:01,36,Manaíra (Barramas),No final da AVENIDA SENADOR RUY CARNEIRO,06.02 C,-7.109472,-34.823375,1,0,0,6,João Pessoa
1508,350,2026-07-03 10:04:51,36,Manaíra (Barramas),No final da AVENIDA SENADOR RUY CARNEIRO,06.02 C,-7.109472,-34.823375,1,0,0,6,João Pessoa
1533,1230,2026-07-10 12:20:58,36,Manaíra (Barramas),No final da AVENIDA SENADOR RUY CARNEIRO,06.02 C,-7.109472,-34.823375,1,0,0,6,João Pessoa
1596,190,2026-07-17 11:36:48,36,Manaíra (Barramas),No final da AVENIDA SENADOR RUY CARNEIRO,06.02 C,-7.109472,-34.823375,1,0,0,6,João Pessoa
1631,1120,2026-07-29 14:55:33,36,Manaíra (Barramas),No final da AVENIDA SENADOR RUY CARNEIRO,06.02 C,-7.109472,-34.823375,1,0,0,6,João Pessoa
1675,10,2026-07-30 18:38:15,36,Manaíra (Barramas),No final da AVENIDA SENADOR RUY CARNEIRO,06.02 C,-7.109472,-34.823375,1,0,0,6,João Pessoa
107,40,2026-05-14 13:18:02,37,Manaíra (Verde mar pousada),Em frente ao N° 315 da Av. João Maurício,06.02 C1,-7.107653,-34.825578,1,0,0,6,João Pessoa
108,1120,2026-05-14 13:18:10,37,Manaíra (Verde mar pousada),Em frente ao N° 315 da Av. João Maurício,06.02 C1,-7.107653,-34.825578,1,0,0,6,João Pessoa
109,40,2026-05-14 13:18:15,37,Manaíra (Verde mar pousada),Em frente ao N° 315 da Av. João Maurício,06.02 C1,-7.107653,-34.825578,1,0,0,6,João Pessoa
110,100,2026-05-14 13:18:17,37,Manaíra (Verde mar pousada),Em frente ao N° 315 da Av. João Maurício,06.02 C1,-7.107653,-34.825578,1,0,0,6,João Pessoa
111,0,2026-05-14 13:18:23,37,Manaíra (Verde mar pousada),Em frente ao N° 315 da Av. João Maurício,06.02 C1,-7.107653,-34.825578,1,0,0,6,João Pessoa
393,330,2026-05-14 13:59:54,37,Manaíra (Verde mar pousada),Em frente ao N° 315 da Av. João Maurício,06.02 C1,-7.107653,-34.825578,1,0,0,6,João Pessoa
420,120,2026-05-14 14:13:24,37,Manaíra (Verde mar pousada),Em frente ao N° 315 da Av. João Maurício,06.02 C1,-7.107653,-34.825578,1,0,0,6,João Pessoa
457,50,2026-05-14 14:23:10,37,Manaíra (Verde mar pousada),Em frente ao N° 315 da Av. João Maurício,06.02 C1,-7.107653,-34.825578,1,0,0,6,João Pessoa
525,40,2026-05-14 14:31:30,37,Manaíra (Verde mar pousada),Em frente ao N° 315 da Av. João Maurício,06.02 C1,-7.107653,-34.825578,1,0,0,6,João Pessoa
578,550,2026-05-14 14:37:18,37,Manaíra (Verde mar pousada),Em frente ao N° 315 da Av. João Maurício,06.02 C1,-7.107653,-34.825578,1,0,0,6,João Pessoa
603,890,2026-05-14 14:40:36,37,Manaíra (Verde mar pousada),Em frente ao N° 315 da Av. João Maurício,06.02 C1,-7.107653,-34.825578,1,0,0,6,João Pessoa
642,20,2026-05-14 14:45:10,37,Manaíra (Verde mar pousada),Em frente ao N° 315 da Av. João Maurício,06.02 C1,-7.107653,-34.825578,1,0,0,6,João Pessoa
705,20,2026-05-14 14:51:14,37,Manaíra (Verde mar pousada),Em frente ao N° 315 da Av. João Maurício,06.02 C1,-7.107653,-34.825578,1,0,0,6,João Pessoa
772,1270,2026-05-14 14:58:09,37,Manaíra (Verde mar pousada),Em frente ao N° 315 da Av. João Maurício,06.02 C1,-7.107653,-34.825578,1,0,0,6,João Pessoa
833,100,2026-05-14 15:07:00,37,Manaíra (Verde mar pousada),Em frente ao N° 315 da Av. João Maurício,06.02 C1,-7.107653,-34.825578,1,0,0,6,João Pessoa
896,0,2026-05-14 15:12:14,37,Manaíra (Verde mar pousada),Em frente ao N° 315 da Av. João Maurício,06.02 C1,-7.107653,-34.825578,1,0,0,6,João Pessoa
948,0,2026-05-14 15:16:58,37,Manaíra (Verde mar pousada),Em frente ao N° 315 da Av. João Maurício,06.02 C1,-7.107653,-34.825578,1,0,0,6,João Pessoa
1004,2560,2026-05-14 15:21:38,37,Manaíra (Verde mar pousada),Em frente ao N° 315 da Av. João Maurício,06.02 C1,-7.107653,-34.825578,1,0,0,6,João Pessoa
1069,400,2026-05-14 15:27:09,37,Manaíra (Verde mar pousada),Em frente ao N° 315 da Av. João Maurício,06.02 C1,-7.107653,-34.825578,1,0,0,6,João Pessoa
1120,660,2026-05-14 15:31:27,37,Manaíra (Verde mar pousada),Em frente ao N° 315 da Av. João Maurício,06.02 C1,-7.107653,-34.825578,1,0,0,6,João Pessoa
1167,20,2026-05-14 15:35:29,37,Manaíra (Verde mar pousada),Em frente ao N° 315 da Av. João Maurício,06.02 C1,-7.107653,-34.825578,1,0,0,6,João Pessoa
1202,90,2026-05-14 15:38:58,37,Manaíra (Verde mar pousada),Em frente ao N° 315 da Av. João Maurício,06.02 C1,-7.107653,-34.825578,1,0,0,6,João Pessoa
1258,420,2026-05-27 10:53:18,37,Manaíra (Verde mar pousada),Em frente ao N° 315 da Av. João Maurício,06.02 C1,-7.107653,-34.825578,1,0,0,6,João Pessoa
1292,550,2026-05-27 11:02:41,37,Manaíra (Verde mar pousada),Em frente ao N° 315 da Av. João Maurício,06.02 C1,-7.107653,-34.825578,1,0,0,6,João Pessoa
1374,250,2026-06-03 12:41:17,37,Manaíra (Verde mar pousada),Em frente ao N° 315 da Av. João Maurício,06.02 C1,-7.107653,-34.825578,1,0,0,6,João Pessoa
1413,610,2026-06-12 11:55:54,37,Manaíra (Verde mar pousada),Em frente ao N° 315 da Av. João Maurício,06.02 C1,-7.107653,-34.825578,1,0,0,6,João Pessoa
1457,430,2026-06-19 10:30:33,37,Manaíra (Verde mar pousada),Em frente ao N° 315 da Av. João Maurício,06.02 C1,-7.107653,-34.825578,1,0,0,6,João Pessoa
1475,720,2026-06-26 11:20:01,37,Manaíra (Verde mar pousada),Em frente ao N° 315 da Av. João Maurício,06.02 C1,-7.107653,-34.825578,1,0,0,6,João Pessoa
1507,960,2026-07-03 10:04:51,37,Manaíra (Verde mar pousada),Em frente ao N° 315 da Av. João Maurício,06.02 C1,-7.107653,-34.825578,1,0,0,6,João Pessoa
1532,90,2026-07-10 12:20:57,37,Manaíra (Verde mar pousada),Em frente ao N° 315 da Av. João Maurício,06.02 C1,-7.107653,-34.825578,1,0,0,6,João Pessoa
1595,120,2026-07-17 11:36:46,37,Manaíra (Verde mar pousada),Em frente ao N° 315 da Av. João Maurício,06.02 C1,-7.107653,-34.825578,1,0,0,6,João Pessoa
1630,2270,2026-07-29 14:55:33,37,Manaíra (Verde mar pousada),Em frente ao N° 315 da Av. João Maurício,06.02 C1,-7.107653,-34.825578,1,0,0,6,João Pessoa
1674,30,2026-07-30 18:38:13,37,Manaíra (Verde mar pousada),Em frente ao N° 315 da Av. João Maurício,06.02 C1,-7.107653,-34.825578,1,0,0,6,João Pessoa
112,3710,2026-05-14 13:18:30,38,Tambaú Busto,Em frente ao busto de Tamandaré,06.03 A,-7.119247,-34.822478,1,0,0,6,João Pessoa
113,110,2026-05-14 13:18:35,38,Tambaú Busto,Em frente ao busto de Tamandaré,06.03 A,-7.119247,-34.822478,1,0,0,6,João Pessoa
114,20,2026-05-14 13:18:37,38,Tambaú Busto,Em frente ao busto de Tamandaré,06.03 A,-7.119247,-34.822478,1,0,0,6,João Pessoa
115,110,2026-05-14 13:18:40,38,Tambaú Busto,Em frente ao busto de Tamandaré,06.03 A,-7.119247,-34.822478,1,0,0,6,João Pessoa
116,10,2026-05-14 13:18:43,38,Tambaú Busto,Em frente ao busto de Tamandaré,06.03 A,-7.119247,-34.822478,1,0,0,6,João Pessoa
394,0,2026-05-14 13:59:58,38,Tambaú Busto,Em frente ao busto de Tamandaré,06.03 A,-7.119247,-34.822478,1,0,0,6,João Pessoa
421,30,2026-05-14 14:13:31,38,Tambaú Busto,Em frente ao busto de Tamandaré,06.03 A,-7.119247,-34.822478,1,0,0,6,João Pessoa
458,60,2026-05-14 14:23:14,38,Tambaú Busto,Em frente ao busto de Tamandaré,06.03 A,-7.119247,-34.822478,1,0,0,6,João Pessoa
526,50,2026-05-14 14:31:33,38,Tambaú Busto,Em frente ao busto de Tamandaré,06.03 A,-7.119247,-34.822478,1,0,0,6,João Pessoa
579,100,2026-05-14 14:37:21,38,Tambaú Busto,Em frente ao busto de Tamandaré,06.03 A,-7.119247,-34.822478,1,0,0,6,João Pessoa
604,990,2026-05-14 14:40:39,38,Tambaú Busto,Em frente ao busto de Tamandaré,06.03 A,-7.119247,-34.822478,1,0,0,6,João Pessoa
643,40,2026-05-14 14:45:14,38,Tambaú Busto,Em frente ao busto de Tamandaré,06.03 A,-7.119247,-34.822478,1,0,0,6,João Pessoa
706,670,2026-05-14 14:51:18,38,Tambaú Busto,Em frente ao busto de Tamandaré,06.03 A,-7.119247,-34.822478,1,0,0,6,João Pessoa
773,170,2026-05-14 14:58:13,38,Tambaú Busto,Em frente ao busto de Tamandaré,06.03 A,-7.119247,-34.822478,1,0,0,6,João Pessoa
834,170,2026-05-14 15:07:03,38,Tambaú Busto,Em frente ao busto de Tamandaré,06.03 A,-7.119247,-34.822478,1,0,0,6,João Pessoa
897,30,2026-05-14 15:12:17,38,Tambaú Busto,Em frente ao busto de Tamandaré,06.03 A,-7.119247,-34.822478,1,0,0,6,João Pessoa
949,0,2026-05-14 15:17:02,38,Tambaú Busto,Em frente ao busto de Tamandaré,06.03 A,-7.119247,-34.822478,1,0,0,6,João Pessoa
1005,450,2026-05-14 15:21:40,38,Tambaú Busto,Em frente ao busto de Tamandaré,06.03 A,-7.119247,-34.822478,1,0,0,6,João Pessoa
1070,150,2026-05-14 15:27:11,38,Tambaú Busto,Em frente ao busto de Tamandaré,06.03 A,-7.119247,-34.822478,1,0,0,6,João Pessoa
1121,50,2026-05-14 15:31:29,38,Tambaú Busto,Em frente ao busto de Tamandaré,06.03 A,-7.119247,-34.822478,1,0,0,6,João Pessoa
1168,20,2026-05-14 15:35:31,38,Tambaú Busto,Em frente ao busto de Tamandaré,06.03 A,-7.119247,-34.822478,1,0,0,6,João Pessoa
1203,10,2026-05-14 15:39:01,38,Tambaú Busto,Em frente ao busto de Tamandaré,06.03 A,-7.119247,-34.822478,1,0,0,6,João Pessoa
1259,0,2026-05-27 10:53:27,38,Tambaú Busto,Em frente ao busto de Tamandaré,06.03 A,-7.119247,-34.822478,1,0,0,6,João Pessoa
1294,10,2026-05-27 11:03:37,38,Tambaú Busto,Em frente ao busto de Tamandaré,06.03 A,-7.119247,-34.822478,1,0,0,6,João Pessoa
1332,20,2026-05-29 11:49:25,38,Tambaú Busto,Em frente ao busto de Tamandaré,06.03 A,-7.119247,-34.822478,1,0,0,6,João Pessoa
1373,200,2026-06-03 12:41:17,38,Tambaú Busto,Em frente ao busto de Tamandaré,06.03 A,-7.119247,-34.822478,1,0,0,6,João Pessoa
1412,0,2026-06-12 11:55:52,38,Tambaú Busto,Em frente ao busto de Tamandaré,06.03 A,-7.119247,-34.822478,1,0,0,6,João Pessoa
1456,140,2026-06-19 10:30:32,38,Tambaú Busto,Em frente ao busto de Tamandaré,06.03 A,-7.119247,-34.822478,1,0,0,6,João Pessoa
1474,20,2026-06-26 11:19:59,38,Tambaú Busto,Em frente ao busto de Tamandaré,06.03 A,-7.119247,-34.822478,1,0,0,6,João Pessoa
1506,130,2026-07-03 10:04:50,38,Tambaú Busto,Em frente ao busto de Tamandaré,06.03 A,-7.119247,-34.822478,1,0,0,6,João Pessoa
1594,80,2026-07-17 11:36:46,38,Tambaú Busto,Em frente ao busto de Tamandaré,06.03 A,-7.119247,-34.822478,1,0,0,6,João Pessoa
1629,160,2026-07-29 14:55:32,38,Tambaú Busto,Em frente ao busto de Tamandaré,06.03 A,-7.119247,-34.822478,1,0,0,6,João Pessoa
1673,10,2026-07-30 18:38:13,38,Tambaú Busto,Em frente ao busto de Tamandaré,06.03 A,-7.119247,-34.822478,1,0,0,6,João Pessoa
122,174,2026-05-14 13:19:58,39,Cabo Branco I,No final da AVENIDA MONSENHOR ODILON COUTINHO,06.04 A,-7.124681,-34.822658,1,0,0,6,João Pessoa
123,26,2026-05-14 13:20:00,39,Cabo Branco I,No final da AVENIDA MONSENHOR ODILON COUTINHO,06.04 A,-7.124681,-34.822658,1,0,0,6,João Pessoa
124,12,2026-05-14 13:20:03,39,Cabo Branco I,No final da AVENIDA MONSENHOR ODILON COUTINHO,06.04 A,-7.124681,-34.822658,1,0,0,6,João Pessoa
125,2,2026-05-14 13:20:05,39,Cabo Branco I,No final da AVENIDA MONSENHOR ODILON COUTINHO,06.04 A,-7.124681,-34.822658,1,0,0,6,João Pessoa
126,2,2026-05-14 13:20:07,39,Cabo Branco I,No final da AVENIDA MONSENHOR ODILON COUTINHO,06.04 A,-7.124681,-34.822658,1,0,0,6,João Pessoa
396,54,2026-05-14 14:00:14,39,Cabo Branco I,No final da AVENIDA MONSENHOR ODILON COUTINHO,06.04 A,-7.124681,-34.822658,1,0,0,6,João Pessoa
423,48,2026-05-14 14:13:38,39,Cabo Branco I,No final da AVENIDA MONSENHOR ODILON COUTINHO,06.04 A,-7.124681,-34.822658,1,0,0,6,João Pessoa
460,20,2026-05-14 14:23:27,39,Cabo Branco I,No final da AVENIDA MONSENHOR ODILON COUTINHO,06.04 A,-7.124681,-34.822658,1,0,0,6,João Pessoa
528,0,2026-05-14 14:31:46,39,Cabo Branco I,No final da AVENIDA MONSENHOR ODILON COUTINHO,06.04 A,-7.124681,-34.822658,1,0,0,6,João Pessoa
581,60,2026-05-14 14:37:28,39,Cabo Branco I,No final da AVENIDA MONSENHOR ODILON COUTINHO,06.04 A,-7.124681,-34.822658,1,0,0,6,João Pessoa
606,640,2026-05-14 14:40:51,39,Cabo Branco I,No final da AVENIDA MONSENHOR ODILON COUTINHO,06.04 A,-7.124681,-34.822658,1,0,0,6,João Pessoa
645,10,2026-05-14 14:45:24,39,Cabo Branco I,No final da AVENIDA MONSENHOR ODILON COUTINHO,06.04 A,-7.124681,-34.822658,1,0,0,6,João Pessoa
708,74,2026-05-14 14:51:27,39,Cabo Branco I,No final da AVENIDA MONSENHOR ODILON COUTINHO,06.04 A,-7.124681,-34.822658,1,0,0,6,João Pessoa
775,50,2026-05-14 14:58:19,39,Cabo Branco I,No final da AVENIDA MONSENHOR ODILON COUTINHO,06.04 A,-7.124681,-34.822658,1,0,0,6,João Pessoa
836,140,2026-05-14 15:07:09,39,Cabo Branco I,No final da AVENIDA MONSENHOR ODILON COUTINHO,06.04 A,-7.124681,-34.822658,1,0,0,6,João Pessoa
899,0,2026-05-14 15:12:22,39,Cabo Branco I,No final da AVENIDA MONSENHOR ODILON COUTINHO,06.04 A,-7.124681,-34.822658,1,0,0,6,João Pessoa
951,4,2026-05-14 15:17:08,39,Cabo Branco I,No final da AVENIDA MONSENHOR ODILON COUTINHO,06.04 A,-7.124681,-34.822658,1,0,0,6,João Pessoa
1072,0,2026-05-14 15:27:15,39,Cabo Branco I,No final da AVENIDA MONSENHOR ODILON COUTINHO,06.04 A,-7.124681,-34.822658,1,0,0,6,João Pessoa
1123,10,2026-05-14 15:31:39,39,Cabo Branco I,No final da AVENIDA MONSENHOR ODILON COUTINHO,06.04 A,-7.124681,-34.822658,1,0,0,6,João Pessoa
1170,0,2026-05-14 15:35:36,39,Cabo Branco I,No final da AVENIDA MONSENHOR ODILON COUTINHO,06.04 A,-7.124681,-34.822658,1,0,0,6,João Pessoa
1205,40,2026-05-14 15:39:06,39,Cabo Branco I,No final da AVENIDA MONSENHOR ODILON COUTINHO,06.04 A,-7.124681,-34.822658,1,0,0,6,João Pessoa
1261,4,2026-05-27 10:54:06,39,Cabo Branco I,No final da AVENIDA MONSENHOR ODILON COUTINHO,06.04 A,-7.124681,-34.822658,1,0,0,6,João Pessoa
1295,4,2026-05-27 11:05:25,39,Cabo Branco I,No final da AVENIDA MONSENHOR ODILON COUTINHO,06.04 A,-7.124681,-34.822658,1,0,0,6,João Pessoa
1336,12,2026-05-29 11:52:12,39,Cabo Branco I,No final da AVENIDA MONSENHOR ODILON COUTINHO,06.04 A,-7.124681,-34.822658,1,0,0,6,João Pessoa
1371,16,2026-06-03 12:41:15,39,Cabo Branco I,No final da AVENIDA MONSENHOR ODILON COUTINHO,06.04 A,-7.124681,-34.822658,1,0,0,6,João Pessoa
1410,24,2026-06-12 11:55:50,39,Cabo Branco I,No final da AVENIDA MONSENHOR ODILON COUTINHO,06.04 A,-7.124681,-34.822658,1,0,0,6,João Pessoa
1454,38,2026-06-19 10:30:31,39,Cabo Branco I,No final da AVENIDA MONSENHOR ODILON COUTINHO,06.04 A,-7.124681,-34.822658,1,0,0,6,João Pessoa
1472,8,2026-06-26 11:19:58,39,Cabo Branco I,No final da AVENIDA MONSENHOR ODILON COUTINHO,06.04 A,-7.124681,-34.822658,1,0,0,6,João Pessoa
1505,288,2026-07-03 10:04:49,39,Cabo Branco I,No final da AVENIDA MONSENHOR ODILON COUTINHO,06.04 A,-7.124681,-34.822658,1,0,0,6,João Pessoa
1548,62,2026-07-10 12:23:01,39,Cabo Branco I,No final da AVENIDA MONSENHOR ODILON COUTINHO,06.04 A,-7.124681,-34.822658,1,0,0,6,João Pessoa
1592,8,2026-07-17 11:36:44,39,Cabo Branco I,No final da AVENIDA MONSENHOR ODILON COUTINHO,06.04 A,-7.124681,-34.822658,1,0,0,6,João Pessoa
1643,76,2026-07-29 14:58:47,39,Cabo Branco I,No final da AVENIDA MONSENHOR ODILON COUTINHO,06.04 A,-7.124681,-34.822658,1,0,0,6,João Pessoa
1671,76,2026-07-30 18:38:11,39,Cabo Branco I,No final da AVENIDA MONSENHOR ODILON COUTINHO,06.04 A,-7.124681,-34.822658,1,0,0,6,João Pessoa
117,270,2026-05-14 13:18:58,40,Cabo Branco - II,No final da Rua Gregorio Pessoa de Oliveira,06.04 1A,-7.134117,-34.819814,1,0,0,6,João Pessoa
118,170,2026-05-14 13:19:03,40,Cabo Branco - II,No final da Rua Gregorio Pessoa de Oliveira,06.04 1A,-7.134117,-34.819814,1,0,0,6,João Pessoa
119,10,2026-05-14 13:19:05,40,Cabo Branco - II,No final da Rua Gregorio Pessoa de Oliveira,06.04 1A,-7.134117,-34.819814,1,0,0,6,João Pessoa
120,94,2026-05-14 13:19:07,40,Cabo Branco - II,No final da Rua Gregorio Pessoa de Oliveira,06.04 1A,-7.134117,-34.819814,1,0,0,6,João Pessoa
121,6,2026-05-14 13:19:25,40,Cabo Branco - II,No final da Rua Gregorio Pessoa de Oliveira,06.04 1A,-7.134117,-34.819814,1,0,0,6,João Pessoa
395,50,2026-05-14 14:00:10,40,Cabo Branco - II,No final da Rua Gregorio Pessoa de Oliveira,06.04 1A,-7.134117,-34.819814,1,0,0,6,João Pessoa
422,20,2026-05-14 14:13:34,40,Cabo Branco - II,No final da Rua Gregorio Pessoa de Oliveira,06.04 1A,-7.134117,-34.819814,1,0,0,6,João Pessoa
459,56,2026-05-14 14:23:23,40,Cabo Branco - II,No final da Rua Gregorio Pessoa de Oliveira,06.04 1A,-7.134117,-34.819814,1,0,0,6,João Pessoa
527,20,2026-05-14 14:31:37,40,Cabo Branco - II,No final da Rua Gregorio Pessoa de Oliveira,06.04 1A,-7.134117,-34.819814,1,0,0,6,João Pessoa
580,4,2026-05-14 14:37:25,40,Cabo Branco - II,No final da Rua Gregorio Pessoa de Oliveira,06.04 1A,-7.134117,-34.819814,1,0,0,6,João Pessoa
605,952,2026-05-14 14:40:45,40,Cabo Branco - II,No final da Rua Gregorio Pessoa de Oliveira,06.04 1A,-7.134117,-34.819814,1,0,0,6,João Pessoa
644,118,2026-05-14 14:45:21,40,Cabo Branco - II,No final da Rua Gregorio Pessoa de Oliveira,06.04 1A,-7.134117,-34.819814,1,0,0,6,João Pessoa
707,14,2026-05-14 14:51:23,40,Cabo Branco - II,No final da Rua Gregorio Pessoa de Oliveira,06.04 1A,-7.134117,-34.819814,1,0,0,6,João Pessoa
774,196,2026-05-14 14:58:17,40,Cabo Branco - II,No final da Rua Gregorio Pessoa de Oliveira,06.04 1A,-7.134117,-34.819814,1,0,0,6,João Pessoa
835,46,2026-05-14 15:07:06,40,Cabo Branco - II,No final da Rua Gregorio Pessoa de Oliveira,06.04 1A,-7.134117,-34.819814,1,0,0,6,João Pessoa
898,6,2026-05-14 15:12:20,40,Cabo Branco - II,No final da Rua Gregorio Pessoa de Oliveira,06.04 1A,-7.134117,-34.819814,1,0,0,6,João Pessoa
950,26,2026-05-14 15:17:05,40,Cabo Branco - II,No final da Rua Gregorio Pessoa de Oliveira,06.04 1A,-7.134117,-34.819814,1,0,0,6,João Pessoa
1006,4,2026-05-14 15:21:48,40,Cabo Branco - II,No final da Rua Gregorio Pessoa de Oliveira,06.04 1A,-7.134117,-34.819814,1,0,0,6,João Pessoa
1071,20,2026-05-14 15:27:13,40,Cabo Branco - II,No final da Rua Gregorio Pessoa de Oliveira,06.04 1A,-7.134117,-34.819814,1,0,0,6,João Pessoa
1122,0,2026-05-14 15:31:31,40,Cabo Branco - II,No final da Rua Gregorio Pessoa de Oliveira,06.04 1A,-7.134117,-34.819814,1,0,0,6,João Pessoa
1169,4,2026-05-14 15:35:33,40,Cabo Branco - II,No final da Rua Gregorio Pessoa de Oliveira,06.04 1A,-7.134117,-34.819814,1,0,0,6,João Pessoa
1204,46,2026-05-14 15:39:04,40,Cabo Branco - II,No final da Rua Gregorio Pessoa de Oliveira,06.04 1A,-7.134117,-34.819814,1,0,0,6,João Pessoa
1260,16,2026-05-27 10:53:55,40,Cabo Branco - II,No final da Rua Gregorio Pessoa de Oliveira,06.04 1A,-7.134117,-34.819814,1,0,0,6,João Pessoa
1372,192,2026-06-03 12:41:16,40,Cabo Branco - II,No final da Rua Gregorio Pessoa de Oliveira,06.04 1A,-7.134117,-34.819814,1,0,0,6,João Pessoa
1411,34,2026-06-12 11:55:51,40,Cabo Branco - II,No final da Rua Gregorio Pessoa de Oliveira,06.04 1A,-7.134117,-34.819814,1,0,0,6,João Pessoa
1455,84,2026-06-19 10:30:32,40,Cabo Branco - II,No final da Rua Gregorio Pessoa de Oliveira,06.04 1A,-7.134117,-34.819814,1,0,0,6,João Pessoa
1473,54,2026-06-26 11:19:59,40,Cabo Branco - II,No final da Rua Gregorio Pessoa de Oliveira,06.04 1A,-7.134117,-34.819814,1,0,0,6,João Pessoa
1549,60,2026-07-10 12:23:02,40,Cabo Branco - II,No final da Rua Gregorio Pessoa de Oliveira,06.04 1A,-7.134117,-34.819814,1,0,0,6,João Pessoa
1593,116,2026-07-17 11:36:45,40,Cabo Branco - II,No final da Rua Gregorio Pessoa de Oliveira,06.04 1A,-7.134117,-34.819814,1,0,0,6,João Pessoa
1644,178,2026-07-29 14:58:48,40,Cabo Branco - II,No final da Rua Gregorio Pessoa de Oliveira,06.04 1A,-7.134117,-34.819814,1,0,0,6,João Pessoa
1672,18,2026-07-30 18:38:12,40,Cabo Branco - II,No final da Rua Gregorio Pessoa de Oliveira,06.04 1A,-7.134117,-34.819814,1,0,0,6,João Pessoa
219,2500,2026-05-14 13:33:20,41,Galeria Cabo Branco II (Bar do Cuscuz),RUA GREGORIO PESSOA OLIVEIRA ARAUJO,N0,-7.136436,-34.819175,1,1,0,6,João Pessoa
220,660,2026-05-14 13:33:22,41,Galeria Cabo Branco II (Bar do Cuscuz),RUA GREGORIO PESSOA OLIVEIRA ARAUJO,N0,-7.136436,-34.819175,1,1,0,6,João Pessoa
221,690,2026-05-14 13:33:25,41,Galeria Cabo Branco II (Bar do Cuscuz),RUA GREGORIO PESSOA OLIVEIRA ARAUJO,N0,-7.136436,-34.819175,1,1,0,6,João Pessoa
222,3700,2026-05-14 13:33:28,41,Galeria Cabo Branco II (Bar do Cuscuz),RUA GREGORIO PESSOA OLIVEIRA ARAUJO,N0,-7.136436,-34.819175,1,1,0,6,João Pessoa
223,600,2026-05-14 13:33:30,41,Galeria Cabo Branco II (Bar do Cuscuz),RUA GREGORIO PESSOA OLIVEIRA ARAUJO,N0,-7.136436,-34.819175,1,1,0,6,João Pessoa
473,0,2026-05-14 14:25:10,41,Galeria Cabo Branco II (Bar do Cuscuz),RUA GREGORIO PESSOA OLIVEIRA ARAUJO,N0,-7.136436,-34.819175,1,1,0,6,João Pessoa
542,12000,2026-05-14 14:33:06,41,Galeria Cabo Branco II (Bar do Cuscuz),RUA GREGORIO PESSOA OLIVEIRA ARAUJO,N0,-7.136436,-34.819175,1,1,0,6,João Pessoa
594,0,2026-05-14 14:38:41,41,Galeria Cabo Branco II (Bar do Cuscuz),RUA GREGORIO PESSOA OLIVEIRA ARAUJO,N0,-7.136436,-34.819175,1,1,0,6,João Pessoa
659,0,2026-05-14 14:46:49,41,Galeria Cabo Branco II (Bar do Cuscuz),RUA GREGORIO PESSOA OLIVEIRA ARAUJO,N0,-7.136436,-34.819175,1,1,0,6,João Pessoa
722,0,2026-05-14 14:52:40,41,Galeria Cabo Branco II (Bar do Cuscuz),RUA GREGORIO PESSOA OLIVEIRA ARAUJO,N0,-7.136436,-34.819175,1,1,0,6,João Pessoa
789,0,2026-05-14 14:59:26,41,Galeria Cabo Branco II (Bar do Cuscuz),RUA GREGORIO PESSOA OLIVEIRA ARAUJO,N0,-7.136436,-34.819175,1,1,0,6,João Pessoa
850,0,2026-05-14 15:08:17,41,Galeria Cabo Branco II (Bar do Cuscuz),RUA GREGORIO PESSOA OLIVEIRA ARAUJO,N0,-7.136436,-34.819175,1,1,0,6,João Pessoa
912,400,2026-05-14 15:13:37,41,Galeria Cabo Branco II (Bar do Cuscuz),RUA GREGORIO PESSOA OLIVEIRA ARAUJO,N0,-7.136436,-34.819175,1,1,0,6,João Pessoa
964,0,2026-05-14 15:18:07,41,Galeria Cabo Branco II (Bar do Cuscuz),RUA GREGORIO PESSOA OLIVEIRA ARAUJO,N0,-7.136436,-34.819175,1,1,0,6,João Pessoa
1019,0,2026-05-14 15:22:49,41,Galeria Cabo Branco II (Bar do Cuscuz),RUA GREGORIO PESSOA OLIVEIRA ARAUJO,N0,-7.136436,-34.819175,1,1,0,6,João Pessoa
1085,7500,2026-05-14 15:28:17,41,Galeria Cabo Branco II (Bar do Cuscuz),RUA GREGORIO PESSOA OLIVEIRA ARAUJO,N0,-7.136436,-34.819175,1,1,0,6,João Pessoa
1136,3400,2026-05-14 15:32:42,41,Galeria Cabo Branco II (Bar do Cuscuz),RUA GREGORIO PESSOA OLIVEIRA ARAUJO,N0,-7.136436,-34.819175,1,1,0,6,João Pessoa
1182,0,2026-05-14 15:36:37,41,Galeria Cabo Branco II (Bar do Cuscuz),RUA GREGORIO PESSOA OLIVEIRA ARAUJO,N0,-7.136436,-34.819175,1,1,0,6,João Pessoa
1218,8300,2026-05-14 15:40:07,41,Galeria Cabo Branco II (Bar do Cuscuz),RUA GREGORIO PESSOA OLIVEIRA ARAUJO,N0,-7.136436,-34.819175,1,1,0,6,João Pessoa
127,148,2026-05-14 13:20:17,42,Cabo Branco III,No final da RUA ÁUREA,06.04 B,-7.140836,-34.814969,1,0,0,6,João Pessoa
128,176,2026-05-14 13:20:21,42,Cabo Branco III,No final da RUA ÁUREA,06.04 B,-7.140836,-34.814969,1,0,0,6,João Pessoa
129,30,2026-05-14 13:20:25,42,Cabo Branco III,No final da RUA ÁUREA,06.04 B,-7.140836,-34.814969,1,0,0,6,João Pessoa
130,356,2026-05-14 13:20:28,42,Cabo Branco III,No final da RUA ÁUREA,06.04 B,-7.140836,-34.814969,1,0,0,6,João Pessoa
131,190,2026-05-14 13:20:32,42,Cabo Branco III,No final da RUA ÁUREA,06.04 B,-7.140836,-34.814969,1,0,0,6,João Pessoa
397,4,2026-05-14 14:00:18,42,Cabo Branco III,No final da RUA ÁUREA,06.04 B,-7.140836,-34.814969,1,0,0,6,João Pessoa
424,78,2026-05-14 14:13:41,42,Cabo Branco III,No final da RUA ÁUREA,06.04 B,-7.140836,-34.814969,1,0,0,6,João Pessoa
461,0,2026-05-14 14:23:34,42,Cabo Branco III,No final da RUA ÁUREA,06.04 B,-7.140836,-34.814969,1,0,0,6,João Pessoa
529,6,2026-05-14 14:31:50,42,Cabo Branco III,No final da RUA ÁUREA,06.04 B,-7.140836,-34.814969,1,0,0,6,João Pessoa
582,194,2026-05-14 14:37:32,42,Cabo Branco III,No final da RUA ÁUREA,06.04 B,-7.140836,-34.814969,1,0,0,6,João Pessoa
607,44,2026-05-14 14:40:53,42,Cabo Branco III,No final da RUA ÁUREA,06.04 B,-7.140836,-34.814969,1,0,0,6,João Pessoa
646,870,2026-05-14 14:45:34,42,Cabo Branco III,No final da RUA ÁUREA,06.04 B,-7.140836,-34.814969,1,0,0,6,João Pessoa
709,172,2026-05-14 14:51:30,42,Cabo Branco III,No final da RUA ÁUREA,06.04 B,-7.140836,-34.814969,1,0,0,6,João Pessoa
776,8,2026-05-14 14:58:22,42,Cabo Branco III,No final da RUA ÁUREA,06.04 B,-7.140836,-34.814969,1,0,0,6,João Pessoa
837,48,2026-05-14 15:07:15,42,Cabo Branco III,No final da RUA ÁUREA,06.04 B,-7.140836,-34.814969,1,0,0,6,João Pessoa
900,2,2026-05-14 15:12:26,42,Cabo Branco III,No final da RUA ÁUREA,06.04 B,-7.140836,-34.814969,1,0,0,6,João Pessoa
952,0,2026-05-14 15:17:10,42,Cabo Branco III,No final da RUA ÁUREA,06.04 B,-7.140836,-34.814969,1,0,0,6,João Pessoa
1007,0,2026-05-14 15:21:51,42,Cabo Branco III,No final da RUA ÁUREA,06.04 B,-7.140836,-34.814969,1,0,0,6,João Pessoa
1073,60,2026-05-14 15:27:20,42,Cabo Branco III,No final da RUA ÁUREA,06.04 B,-7.140836,-34.814969,1,0,0,6,João Pessoa
1124,0,2026-05-14 15:31:40,42,Cabo Branco III,No final da RUA ÁUREA,06.04 B,-7.140836,-34.814969,1,0,0,6,João Pessoa
1171,6,2026-05-14 15:35:39,42,Cabo Branco III,No final da RUA ÁUREA,06.04 B,-7.140836,-34.814969,1,0,0,6,João Pessoa
1206,6,2026-05-14 15:39:08,42,Cabo Branco III,No final da RUA ÁUREA,06.04 B,-7.140836,-34.814969,1,0,0,6,João Pessoa
1262,10,2026-05-27 10:54:13,42,Cabo Branco III,No final da RUA ÁUREA,06.04 B,-7.140836,-34.814969,1,0,0,6,João Pessoa
1296,269,2026-05-27 11:05:34,42,Cabo Branco III,No final da RUA ÁUREA,06.04 B,-7.140836,-34.814969,1,0,0,6,João Pessoa
1335,284,2026-05-29 11:52:12,42,Cabo Branco III,No final da RUA ÁUREA,06.04 B,-7.140836,-34.814969,1,0,0,6,João Pessoa
1370,18,2026-06-03 12:41:14,42,Cabo Branco III,No final da RUA ÁUREA,06.04 B,-7.140836,-34.814969,1,0,0,6,João Pessoa
1453,44,2026-06-19 10:30:31,42,Cabo Branco III,No final da RUA ÁUREA,06.04 B,-7.140836,-34.814969,1,0,0,6,João Pessoa
1471,2,2026-06-26 11:19:57,42,Cabo Branco III,No final da RUA ÁUREA,06.04 B,-7.140836,-34.814969,1,0,0,6,João Pessoa
1504,38,2026-07-03 10:04:49,42,Cabo Branco III,No final da RUA ÁUREA,06.04 B,-7.140836,-34.814969,1,0,0,6,João Pessoa
1547,12,2026-07-10 12:23:01,42,Cabo Branco III,No final da RUA ÁUREA,06.04 B,-7.140836,-34.814969,1,0,0,6,João Pessoa
1591,6,2026-07-17 11:36:44,42,Cabo Branco III,No final da RUA ÁUREA,06.04 B,-7.140836,-34.814969,1,0,0,6,João Pessoa
1670,18,2026-07-30 18:38:10,42,Cabo Branco III,No final da RUA ÁUREA,06.04 B,-7.140836,-34.814969,1,0,0,6,João Pessoa
132,420,2026-05-14 13:20:41,43,Cabo Branco IV,Em frente a rotatória do Cabo Branco,06.04 C,-7.145464,-34.809133,1,0,0,6,João Pessoa
133,50,2026-05-14 13:20:44,43,Cabo Branco IV,Em frente a rotatória do Cabo Branco,06.04 C,-7.145464,-34.809133,1,0,0,6,João Pessoa
134,14,2026-05-14 13:20:46,43,Cabo Branco IV,Em frente a rotatória do Cabo Branco,06.04 C,-7.145464,-34.809133,1,0,0,6,João Pessoa
135,16,2026-05-14 13:20:49,43,Cabo Branco IV,Em frente a rotatória do Cabo Branco,06.04 C,-7.145464,-34.809133,1,0,0,6,João Pessoa
136,0,2026-05-14 13:20:52,43,Cabo Branco IV,Em frente a rotatória do Cabo Branco,06.04 C,-7.145464,-34.809133,1,0,0,6,João Pessoa
398,54,2026-05-14 14:00:23,43,Cabo Branco IV,Em frente a rotatória do Cabo Branco,06.04 C,-7.145464,-34.809133,1,0,0,6,João Pessoa
425,186,2026-05-14 14:13:48,43,Cabo Branco IV,Em frente a rotatória do Cabo Branco,06.04 C,-7.145464,-34.809133,1,0,0,6,João Pessoa
462,44,2026-05-14 14:23:40,43,Cabo Branco IV,Em frente a rotatória do Cabo Branco,06.04 C,-7.145464,-34.809133,1,0,0,6,João Pessoa
530,2,2026-05-14 14:31:53,43,Cabo Branco IV,Em frente a rotatória do Cabo Branco,06.04 C,-7.145464,-34.809133,1,0,0,6,João Pessoa
583,368,2026-05-14 14:37:38,43,Cabo Branco IV,Em frente a rotatória do Cabo Branco,06.04 C,-7.145464,-34.809133,1,0,0,6,João Pessoa
608,72,2026-05-14 14:40:59,43,Cabo Branco IV,Em frente a rotatória do Cabo Branco,06.04 C,-7.145464,-34.809133,1,0,0,6,João Pessoa
647,1958,2026-05-14 14:45:40,43,Cabo Branco IV,Em frente a rotatória do Cabo Branco,06.04 C,-7.145464,-34.809133,1,0,0,6,João Pessoa
710,0,2026-05-14 14:51:34,43,Cabo Branco IV,Em frente a rotatória do Cabo Branco,06.04 C,-7.145464,-34.809133,1,0,0,6,João Pessoa
777,170,2026-05-14 14:58:25,43,Cabo Branco IV,Em frente a rotatória do Cabo Branco,06.04 C,-7.145464,-34.809133,1,0,0,6,João Pessoa
838,176,2026-05-14 15:07:19,43,Cabo Branco IV,Em frente a rotatória do Cabo Branco,06.04 C,-7.145464,-34.809133,1,0,0,6,João Pessoa
901,50,2026-05-14 15:12:29,43,Cabo Branco IV,Em frente a rotatória do Cabo Branco,06.04 C,-7.145464,-34.809133,1,0,0,6,João Pessoa
953,0,2026-05-14 15:17:13,43,Cabo Branco IV,Em frente a rotatória do Cabo Branco,06.04 C,-7.145464,-34.809133,1,0,0,6,João Pessoa
1008,0,2026-05-14 15:21:55,43,Cabo Branco IV,Em frente a rotatória do Cabo Branco,06.04 C,-7.145464,-34.809133,1,0,0,6,João Pessoa
1074,4,2026-05-14 15:27:23,43,Cabo Branco IV,Em frente a rotatória do Cabo Branco,06.04 C,-7.145464,-34.809133,1,0,0,6,João Pessoa
1125,34,2026-05-14 15:31:43,43,Cabo Branco IV,Em frente a rotatória do Cabo Branco,06.04 C,-7.145464,-34.809133,1,0,0,6,João Pessoa
1172,260,2026-05-14 15:35:42,43,Cabo Branco IV,Em frente a rotatória do Cabo Branco,06.04 C,-7.145464,-34.809133,1,0,0,6,João Pessoa
1207,76,2026-05-14 15:39:11,43,Cabo Branco IV,Em frente a rotatória do Cabo Branco,06.04 C,-7.145464,-34.809133,1,0,0,6,João Pessoa
1263,126,2026-05-27 10:54:21,43,Cabo Branco IV,Em frente a rotatória do Cabo Branco,06.04 C,-7.145464,-34.809133,1,0,0,6,João Pessoa
1297,94,2026-05-27 11:05:41,43,Cabo Branco IV,Em frente a rotatória do Cabo Branco,06.04 C,-7.145464,-34.809133,1,0,0,6,João Pessoa
1334,990,2026-05-29 11:52:11,43,Cabo Branco IV,Em frente a rotatória do Cabo Branco,06.04 C,-7.145464,-34.809133,1,0,0,6,João Pessoa
1409,116,2026-06-12 11:55:40,43,Cabo Branco IV,Em frente a rotatória do Cabo Branco,06.04 C,-7.145464,-34.809133,1,0,0,6,João Pessoa
1452,60,2026-06-19 10:30:29,43,Cabo Branco IV,Em frente a rotatória do Cabo Branco,06.04 C,-7.145464,-34.809133,1,0,0,6,João Pessoa
1470,148,2026-06-26 11:19:57,43,Cabo Branco IV,Em frente a rotatória do Cabo Branco,06.04 C,-7.145464,-34.809133,1,0,0,6,João Pessoa
1503,400,2026-07-03 10:04:48,43,Cabo Branco IV,Em frente a rotatória do Cabo Branco,06.04 C,-7.145464,-34.809133,1,0,0,6,João Pessoa
1546,66,2026-07-10 12:23:00,43,Cabo Branco IV,Em frente a rotatória do Cabo Branco,06.04 C,-7.145464,-34.809133,1,0,0,6,João Pessoa
1590,1250,2026-07-17 11:36:43,43,Cabo Branco IV,Em frente a rotatória do Cabo Branco,06.04 C,-7.145464,-34.809133,1,0,0,6,João Pessoa
1642,194,2026-07-29 14:58:45,43,Cabo Branco IV,Em frente a rotatória do Cabo Branco,06.04 C,-7.145464,-34.809133,1,0,0,6,João Pessoa
1669,46,2026-07-30 18:38:06,43,Cabo Branco IV,Em frente a rotatória do Cabo Branco,06.04 C,-7.145464,-34.809133,1,0,0,6,João Pessoa
142,40,2026-05-14 13:22:27,44,Farol do Cabo Branco,Em frente a galeria de águas pluviais,06.05A,-7.151269,-34.794978,1,0,0,6,João Pessoa
143,130,2026-05-14 13:22:33,44,Farol do Cabo Branco,Em frente a galeria de águas pluviais,06.05A,-7.151269,-34.794978,1,0,0,6,João Pessoa
144,70,2026-05-14 13:22:36,44,Farol do Cabo Branco,Em frente a galeria de águas pluviais,06.05A,-7.151269,-34.794978,1,0,0,6,João Pessoa
145,150,2026-05-14 13:22:39,44,Farol do Cabo Branco,Em frente a galeria de águas pluviais,06.05A,-7.151269,-34.794978,1,0,0,6,João Pessoa
146,80,2026-05-14 13:22:48,44,Farol do Cabo Branco,Em frente a galeria de águas pluviais,06.05A,-7.151269,-34.794978,1,0,0,6,João Pessoa
400,650,2026-05-14 14:00:41,44,Farol do Cabo Branco,Em frente a galeria de águas pluviais,06.05A,-7.151269,-34.794978,1,0,0,6,João Pessoa
427,0,2026-05-14 14:14:04,44,Farol do Cabo Branco,Em frente a galeria de águas pluviais,06.05A,-7.151269,-34.794978,1,0,0,6,João Pessoa
464,670,2026-05-14 14:23:57,44,Farol do Cabo Branco,Em frente a galeria de águas pluviais,06.05A,-7.151269,-34.794978,1,0,0,6,João Pessoa
532,0,2026-05-14 14:32:01,44,Farol do Cabo Branco,Em frente a galeria de águas pluviais,06.05A,-7.151269,-34.794978,1,0,0,6,João Pessoa
585,360,2026-05-14 14:37:47,44,Farol do Cabo Branco,Em frente a galeria de águas pluviais,06.05A,-7.151269,-34.794978,1,0,0,6,João Pessoa
610,230,2026-05-14 14:41:06,44,Farol do Cabo Branco,Em frente a galeria de águas pluviais,06.05A,-7.151269,-34.794978,1,0,0,6,João Pessoa
649,260,2026-05-14 14:45:49,44,Farol do Cabo Branco,Em frente a galeria de águas pluviais,06.05A,-7.151269,-34.794978,1,0,0,6,João Pessoa
712,320,2026-05-14 14:51:44,44,Farol do Cabo Branco,Em frente a galeria de águas pluviais,06.05A,-7.151269,-34.794978,1,0,0,6,João Pessoa
779,320,2026-05-14 14:58:32,44,Farol do Cabo Branco,Em frente a galeria de águas pluviais,06.05A,-7.151269,-34.794978,1,0,0,6,João Pessoa
840,150,2026-05-14 15:07:28,44,Farol do Cabo Branco,Em frente a galeria de águas pluviais,06.05A,-7.151269,-34.794978,1,0,0,6,João Pessoa
903,10,2026-05-14 15:12:35,44,Farol do Cabo Branco,Em frente a galeria de águas pluviais,06.05A,-7.151269,-34.794978,1,0,0,6,João Pessoa
955,10,2026-05-14 15:17:18,44,Farol do Cabo Branco,Em frente a galeria de águas pluviais,06.05A,-7.151269,-34.794978,1,0,0,6,João Pessoa
1010,1500,2026-05-14 15:22:01,44,Farol do Cabo Branco,Em frente a galeria de águas pluviais,06.05A,-7.151269,-34.794978,1,0,0,6,João Pessoa
1076,110,2026-05-14 15:27:32,44,Farol do Cabo Branco,Em frente a galeria de águas pluviais,06.05A,-7.151269,-34.794978,1,0,0,6,João Pessoa
1127,15000,2026-05-14 15:31:49,44,Farol do Cabo Branco,Em frente a galeria de águas pluviais,06.05A,-7.151269,-34.794978,1,0,0,6,João Pessoa
1174,1200,2026-05-14 15:35:48,44,Farol do Cabo Branco,Em frente a galeria de águas pluviais,06.05A,-7.151269,-34.794978,1,0,0,6,João Pessoa
1209,880,2026-05-14 15:39:22,44,Farol do Cabo Branco,Em frente a galeria de águas pluviais,06.05A,-7.151269,-34.794978,1,0,0,6,João Pessoa
1299,150,2026-05-27 11:06:11,44,Farol do Cabo Branco,Em frente a galeria de águas pluviais,06.05A,-7.151269,-34.794978,1,0,0,6,João Pessoa
1333,120,2026-05-29 11:52:11,44,Farol do Cabo Branco,Em frente a galeria de águas pluviais,06.05A,-7.151269,-34.794978,1,0,0,6,João Pessoa
1368,130,2026-06-03 12:41:07,44,Farol do Cabo Branco,Em frente a galeria de águas pluviais,06.05A,-7.151269,-34.794978,1,0,0,6,João Pessoa
1407,200,2026-06-12 11:55:38,44,Farol do Cabo Branco,Em frente a galeria de águas pluviais,06.05A,-7.151269,-34.794978,1,0,0,6,João Pessoa
1450,230,2026-06-19 10:30:28,44,Farol do Cabo Branco,Em frente a galeria de águas pluviais,06.05A,-7.151269,-34.794978,1,0,0,6,João Pessoa
1468,450,2026-06-26 11:19:55,44,Farol do Cabo Branco,Em frente a galeria de águas pluviais,06.05A,-7.151269,-34.794978,1,0,0,6,João Pessoa
1501,700,2026-07-03 10:04:47,44,Farol do Cabo Branco,Em frente a galeria de águas pluviais,06.05A,-7.151269,-34.794978,1,0,0,6,João Pessoa
1544,310,2026-07-10 12:22:59,44,Farol do Cabo Branco,Em frente a galeria de águas pluviais,06.05A,-7.151269,-34.794978,1,0,0,6,João Pessoa
1588,90,2026-07-17 11:36:42,44,Farol do Cabo Branco,Em frente a galeria de águas pluviais,06.05A,-7.151269,-34.794978,1,0,0,6,João Pessoa
1640,1530,2026-07-29 14:58:43,44,Farol do Cabo Branco,Em frente a galeria de águas pluviais,06.05A,-7.151269,-34.794978,1,0,0,6,João Pessoa
1667,220,2026-07-30 18:38:04,44,Farol do Cabo Branco,Em frente a galeria de águas pluviais,06.05A,-7.151269,-34.794978,1,0,0,6,João Pessoa
137,100,2026-05-14 13:21:16,45,Seixas,No final da Av. das Falésias,06.05,-7.154367,-34.793389,1,0,0,6,João Pessoa
138,50,2026-05-14 13:21:29,45,Seixas,No final da Av. das Falésias,06.05,-7.154367,-34.793389,1,0,0,6,João Pessoa
139,20,2026-05-14 13:21:33,45,Seixas,No final da Av. das Falésias,06.05,-7.154367,-34.793389,1,0,0,6,João Pessoa
140,20,2026-05-14 13:21:39,45,Seixas,No final da Av. das Falésias,06.05,-7.154367,-34.793389,1,0,0,6,João Pessoa
141,610,2026-05-14 13:22:02,45,Seixas,No final da Av. das Falésias,06.05,-7.154367,-34.793389,1,0,0,6,João Pessoa
399,1500,2026-05-14 14:00:31,45,Seixas,No final da Av. das Falésias,06.05,-7.154367,-34.793389,1,0,0,6,João Pessoa
426,0,2026-05-14 14:13:55,45,Seixas,No final da Av. das Falésias,06.05,-7.154367,-34.793389,1,0,0,6,João Pessoa
463,1790,2026-05-14 14:23:46,45,Seixas,No final da Av. das Falésias,06.05,-7.154367,-34.793389,1,0,0,6,João Pessoa
531,20,2026-05-14 14:31:57,45,Seixas,No final da Av. das Falésias,06.05,-7.154367,-34.793389,1,0,0,6,João Pessoa
584,1090,2026-05-14 14:37:43,45,Seixas,No final da Av. das Falésias,06.05,-7.154367,-34.793389,1,0,0,6,João Pessoa
609,130,2026-05-14 14:41:03,45,Seixas,No final da Av. das Falésias,06.05,-7.154367,-34.793389,1,0,0,6,João Pessoa
648,50,2026-05-14 14:45:44,45,Seixas,No final da Av. das Falésias,06.05,-7.154367,-34.793389,1,0,0,6,João Pessoa
711,90,2026-05-14 14:51:39,45,Seixas,No final da Av. das Falésias,06.05,-7.154367,-34.793389,1,0,0,6,João Pessoa
778,101,2026-05-14 14:58:28,45,Seixas,No final da Av. das Falésias,06.05,-7.154367,-34.793389,1,0,0,6,João Pessoa
839,20,2026-05-14 15:07:25,45,Seixas,No final da Av. das Falésias,06.05,-7.154367,-34.793389,1,0,0,6,João Pessoa
902,30,2026-05-14 15:12:33,45,Seixas,No final da Av. das Falésias,06.05,-7.154367,-34.793389,1,0,0,6,João Pessoa
954,0,2026-05-14 15:17:15,45,Seixas,No final da Av. das Falésias,06.05,-7.154367,-34.793389,1,0,0,6,João Pessoa
1009,20,2026-05-14 15:21:58,45,Seixas,No final da Av. das Falésias,06.05,-7.154367,-34.793389,1,0,0,6,João Pessoa
1075,0,2026-05-14 15:27:29,45,Seixas,No final da Av. das Falésias,06.05,-7.154367,-34.793389,1,0,0,6,João Pessoa
1126,50,2026-05-14 15:31:46,45,Seixas,No final da Av. das Falésias,06.05,-7.154367,-34.793389,1,0,0,6,João Pessoa
1173,870,2026-05-14 15:35:45,45,Seixas,No final da Av. das Falésias,06.05,-7.154367,-34.793389,1,0,0,6,João Pessoa
1208,290,2026-05-14 15:39:19,45,Seixas,No final da Av. das Falésias,06.05,-7.154367,-34.793389,1,0,0,6,João Pessoa
1298,400,2026-05-27 11:05:48,45,Seixas,No final da Av. das Falésias,06.05,-7.154367,-34.793389,1,0,0,6,João Pessoa
1369,30,2026-06-03 12:41:07,45,Seixas,No final da Av. das Falésias,06.05,-7.154367,-34.793389,1,0,0,6,João Pessoa
1408,400,2026-06-12 11:55:39,45,Seixas,No final da Av. das Falésias,06.05,-7.154367,-34.793389,1,0,0,6,João Pessoa
1451,10,2026-06-19 10:30:28,45,Seixas,No final da Av. das Falésias,06.05,-7.154367,-34.793389,1,0,0,6,João Pessoa
1469,60,2026-06-26 11:19:56,45,Seixas,No final da Av. das Falésias,06.05,-7.154367,-34.793389,1,0,0,6,João Pessoa
1502,620,2026-07-03 10:04:48,45,Seixas,No final da Av. das Falésias,06.05,-7.154367,-34.793389,1,0,0,6,João Pessoa
1545,170,2026-07-10 12:23:00,45,Seixas,No final da Av. das Falésias,06.05,-7.154367,-34.793389,1,0,0,6,João Pessoa
1589,20,2026-07-17 11:36:42,45,Seixas,No final da Av. das Falésias,06.05,-7.154367,-34.793389,1,0,0,6,João Pessoa
1641,1920,2026-07-29 14:58:44,45,Seixas,No final da Av. das Falésias,06.05,-7.154367,-34.793389,1,0,0,6,João Pessoa
1668,100,2026-07-30 18:38:05,45,Seixas,No final da Av. das Falésias,06.05,-7.154367,-34.793389,1,0,0,6,João Pessoa
147,160,2026-05-14 13:22:57,46,Penha I,Em frente a desembocadura do Rio Cabelo,06.06,-7.160344,-34.794881,1,0,0,6,João Pessoa
148,0,2026-05-14 13:23:01,46,Penha I,Em frente a desembocadura do Rio Cabelo,06.06,-7.160344,-34.794881,1,0,0,6,João Pessoa
149,350,2026-05-14 13:23:05,46,Penha I,Em frente a desembocadura do Rio Cabelo,06.06,-7.160344,-34.794881,1,0,0,6,João Pessoa
150,260,2026-05-14 13:23:09,46,Penha I,Em frente a desembocadura do Rio Cabelo,06.06,-7.160344,-34.794881,1,0,0,6,João Pessoa
151,380,2026-05-14 13:23:13,46,Penha I,Em frente a desembocadura do Rio Cabelo,06.06,-7.160344,-34.794881,1,0,0,6,João Pessoa
401,2700,2026-05-14 14:00:47,46,Penha I,Em frente a desembocadura do Rio Cabelo,06.06,-7.160344,-34.794881,1,0,0,6,João Pessoa
428,30,2026-05-14 14:14:09,46,Penha I,Em frente a desembocadura do Rio Cabelo,06.06,-7.160344,-34.794881,1,0,0,6,João Pessoa
465,1630,2026-05-14 14:24:03,46,Penha I,Em frente a desembocadura do Rio Cabelo,06.06,-7.160344,-34.794881,1,0,0,6,João Pessoa
533,10,2026-05-14 14:32:08,46,Penha I,Em frente a desembocadura do Rio Cabelo,06.06,-7.160344,-34.794881,1,0,0,6,João Pessoa
586,860,2026-05-14 14:37:51,46,Penha I,Em frente a desembocadura do Rio Cabelo,06.06,-7.160344,-34.794881,1,0,0,6,João Pessoa
611,120,2026-05-14 14:41:25,46,Penha I,Em frente a desembocadura do Rio Cabelo,06.06,-7.160344,-34.794881,1,0,0,6,João Pessoa
650,440,2026-05-14 14:45:53,46,Penha I,Em frente a desembocadura do Rio Cabelo,06.06,-7.160344,-34.794881,1,0,0,6,João Pessoa
713,40,2026-05-14 14:51:48,46,Penha I,Em frente a desembocadura do Rio Cabelo,06.06,-7.160344,-34.794881,1,0,0,6,João Pessoa
780,1270,2026-05-14 14:58:35,46,Penha I,Em frente a desembocadura do Rio Cabelo,06.06,-7.160344,-34.794881,1,0,0,6,João Pessoa
841,80,2026-05-14 15:07:31,46,Penha I,Em frente a desembocadura do Rio Cabelo,06.06,-7.160344,-34.794881,1,0,0,6,João Pessoa
904,50,2026-05-14 15:12:41,46,Penha I,Em frente a desembocadura do Rio Cabelo,06.06,-7.160344,-34.794881,1,0,0,6,João Pessoa
956,10,2026-05-14 15:17:22,46,Penha I,Em frente a desembocadura do Rio Cabelo,06.06,-7.160344,-34.794881,1,0,0,6,João Pessoa
1011,400,2026-05-14 15:22:04,46,Penha I,Em frente a desembocadura do Rio Cabelo,06.06,-7.160344,-34.794881,1,0,0,6,João Pessoa
1077,780,2026-05-14 15:27:35,46,Penha I,Em frente a desembocadura do Rio Cabelo,06.06,-7.160344,-34.794881,1,0,0,6,João Pessoa
1128,80,2026-05-14 15:31:52,46,Penha I,Em frente a desembocadura do Rio Cabelo,06.06,-7.160344,-34.794881,1,0,0,6,João Pessoa
1175,2500,2026-05-14 15:35:53,46,Penha I,Em frente a desembocadura do Rio Cabelo,06.06,-7.160344,-34.794881,1,0,0,6,João Pessoa
1210,630,2026-05-14 15:39:26,46,Penha I,Em frente a desembocadura do Rio Cabelo,06.06,-7.160344,-34.794881,1,0,0,6,João Pessoa
1300,160,2026-05-27 11:06:24,46,Penha I,Em frente a desembocadura do Rio Cabelo,06.06,-7.160344,-34.794881,1,0,0,6,João Pessoa
1339,7200,2026-05-29 11:53:33,46,Penha I,Em frente a desembocadura do Rio Cabelo,06.06,-7.160344,-34.794881,1,0,0,6,João Pessoa
1367,10,2026-06-03 12:41:06,46,Penha I,Em frente a desembocadura do Rio Cabelo,06.06,-7.160344,-34.794881,1,0,0,6,João Pessoa
1406,420,2026-06-12 11:55:37,46,Penha I,Em frente a desembocadura do Rio Cabelo,06.06,-7.160344,-34.794881,1,0,0,6,João Pessoa
1449,40,2026-06-19 10:30:27,46,Penha I,Em frente a desembocadura do Rio Cabelo,06.06,-7.160344,-34.794881,1,0,0,6,João Pessoa
1467,340,2026-06-26 11:19:54,46,Penha I,Em frente a desembocadura do Rio Cabelo,06.06,-7.160344,-34.794881,1,0,0,6,João Pessoa
1500,970,2026-07-03 10:04:47,46,Penha I,Em frente a desembocadura do Rio Cabelo,06.06,-7.160344,-34.794881,1,0,0,6,João Pessoa
1543,10,2026-07-10 12:22:59,46,Penha I,Em frente a desembocadura do Rio Cabelo,06.06,-7.160344,-34.794881,1,0,0,6,João Pessoa
1587,30,2026-07-17 11:36:41,46,Penha I,Em frente a desembocadura do Rio Cabelo,06.06,-7.160344,-34.794881,1,0,0,6,João Pessoa
1639,890,2026-07-29 14:58:42,46,Penha I,Em frente a desembocadura do Rio Cabelo,06.06,-7.160344,-34.794881,1,0,0,6,João Pessoa
1666,0,2026-07-30 18:37:58,46,Penha I,Em frente a desembocadura do Rio Cabelo,06.06,-7.160344,-34.794881,1,0,0,6,João Pessoa
198,440,2026-05-14 13:30:57,47,Rio Cabelo,AVENIDA DAS FALÉSIAS,F3,-7.162775,-34.795592,1,1,0,6,João Pessoa
199,120,2026-05-14 13:30:59,47,Rio Cabelo,AVENIDA DAS FALÉSIAS,F3,-7.162775,-34.795592,1,1,0,6,João Pessoa
200,1380,2026-05-14 13:31:02,47,Rio Cabelo,AVENIDA DAS FALÉSIAS,F3,-7.162775,-34.795592,1,1,0,6,João Pessoa
201,80,2026-05-14 13:31:24,47,Rio Cabelo,AVENIDA DAS FALÉSIAS,F3,-7.162775,-34.795592,1,1,0,6,João Pessoa
202,5060,2026-05-14 13:31:28,47,Rio Cabelo,AVENIDA DAS FALÉSIAS,F3,-7.162775,-34.795592,1,1,0,6,João Pessoa
203,830,2026-05-14 13:31:34,47,Rio Cabelo,AVENIDA DAS FALÉSIAS,F3,-7.162775,-34.795592,1,1,0,6,João Pessoa
204,440,2026-05-14 13:31:50,47,Rio Cabelo,AVENIDA DAS FALÉSIAS,F3,-7.162775,-34.795592,1,1,0,6,João Pessoa
205,120,2026-05-14 13:31:54,47,Rio Cabelo,AVENIDA DAS FALÉSIAS,F3,-7.162775,-34.795592,1,1,0,6,João Pessoa
206,1380,2026-05-14 13:31:58,47,Rio Cabelo,AVENIDA DAS FALÉSIAS,F3,-7.162775,-34.795592,1,1,0,6,João Pessoa
207,80,2026-05-14 13:32:02,47,Rio Cabelo,AVENIDA DAS FALÉSIAS,F3,-7.162775,-34.795592,1,1,0,6,João Pessoa
208,5060,2026-05-14 13:32:05,47,Rio Cabelo,AVENIDA DAS FALÉSIAS,F3,-7.162775,-34.795592,1,1,0,6,João Pessoa
471,720,2026-05-14 14:24:52,47,Rio Cabelo,AVENIDA DAS FALÉSIAS,F3,-7.162775,-34.795592,1,1,0,6,João Pessoa
539,220,2026-05-14 14:32:54,47,Rio Cabelo,AVENIDA DAS FALÉSIAS,F3,-7.162775,-34.795592,1,1,0,6,João Pessoa
591,5000,2026-05-14 14:38:28,47,Rio Cabelo,AVENIDA DAS FALÉSIAS,F3,-7.162775,-34.795592,1,1,0,6,João Pessoa
656,530,2026-05-14 14:46:33,47,Rio Cabelo,AVENIDA DAS FALÉSIAS,F3,-7.162775,-34.795592,1,1,0,6,João Pessoa
719,0,2026-05-14 14:52:22,47,Rio Cabelo,AVENIDA DAS FALÉSIAS,F3,-7.162775,-34.795592,1,1,0,6,João Pessoa
786,2500,2026-05-14 14:59:14,47,Rio Cabelo,AVENIDA DAS FALÉSIAS,F3,-7.162775,-34.795592,1,1,0,6,João Pessoa
847,80,2026-05-14 15:08:04,47,Rio Cabelo,AVENIDA DAS FALÉSIAS,F3,-7.162775,-34.795592,1,1,0,6,João Pessoa
910,500,2026-05-14 15:13:21,47,Rio Cabelo,AVENIDA DAS FALÉSIAS,F3,-7.162775,-34.795592,1,1,0,6,João Pessoa
962,1000,2026-05-14 15:17:55,47,Rio Cabelo,AVENIDA DAS FALÉSIAS,F3,-7.162775,-34.795592,1,1,0,6,João Pessoa
1017,0,2026-05-14 15:22:38,47,Rio Cabelo,AVENIDA DAS FALÉSIAS,F3,-7.162775,-34.795592,1,1,0,6,João Pessoa
1083,0,2026-05-14 15:28:02,47,Rio Cabelo,AVENIDA DAS FALÉSIAS,F3,-7.162775,-34.795592,1,1,0,6,João Pessoa
1134,50,2026-05-14 15:32:27,47,Rio Cabelo,AVENIDA DAS FALÉSIAS,F3,-7.162775,-34.795592,1,1,0,6,João Pessoa
1180,30000,2026-05-14 15:36:25,47,Rio Cabelo,AVENIDA DAS FALÉSIAS,F3,-7.162775,-34.795592,1,1,0,6,João Pessoa
1216,0,2026-05-14 15:39:53,47,Rio Cabelo,AVENIDA DAS FALÉSIAS,F3,-7.162775,-34.795592,1,1,0,6,João Pessoa
152,320,2026-05-14 13:23:24,48,Penha II,Em frente a desembocadura do Rio Aratu,06.06 A,-7.169486,-34.795486,1,0,0,6,João Pessoa
153,40,2026-05-14 13:23:26,48,Penha II,Em frente a desembocadura do Rio Aratu,06.06 A,-7.169486,-34.795486,1,0,0,6,João Pessoa
154,40,2026-05-14 13:23:29,48,Penha II,Em frente a desembocadura do Rio Aratu,06.06 A,-7.169486,-34.795486,1,0,0,6,João Pessoa
155,0,2026-05-14 13:23:33,48,Penha II,Em frente a desembocadura do Rio Aratu,06.06 A,-7.169486,-34.795486,1,0,0,6,João Pessoa
156,0,2026-05-14 13:23:36,48,Penha II,Em frente a desembocadura do Rio Aratu,06.06 A,-7.169486,-34.795486,1,0,0,6,João Pessoa
402,1750,2026-05-14 14:00:54,48,Penha II,Em frente a desembocadura do Rio Aratu,06.06 A,-7.169486,-34.795486,1,0,0,6,João Pessoa
429,50,2026-05-14 14:14:13,48,Penha II,Em frente a desembocadura do Rio Aratu,06.06 A,-7.169486,-34.795486,1,0,0,6,João Pessoa
466,890,2026-05-14 14:24:08,48,Penha II,Em frente a desembocadura do Rio Aratu,06.06 A,-7.169486,-34.795486,1,0,0,6,João Pessoa
534,20,2026-05-14 14:32:12,48,Penha II,Em frente a desembocadura do Rio Aratu,06.06 A,-7.169486,-34.795486,1,0,0,6,João Pessoa
612,250,2026-05-14 14:41:31,48,Penha II,Em frente a desembocadura do Rio Aratu,06.06 A,-7.169486,-34.795486,1,0,0,6,João Pessoa
651,540,2026-05-14 14:45:58,48,Penha II,Em frente a desembocadura do Rio Aratu,06.06 A,-7.169486,-34.795486,1,0,0,6,João Pessoa
714,770,2026-05-14 14:51:51,48,Penha II,Em frente a desembocadura do Rio Aratu,06.06 A,-7.169486,-34.795486,1,0,0,6,João Pessoa
781,240,2026-05-14 14:58:37,48,Penha II,Em frente a desembocadura do Rio Aratu,06.06 A,-7.169486,-34.795486,1,0,0,6,João Pessoa
842,40,2026-05-14 15:07:34,48,Penha II,Em frente a desembocadura do Rio Aratu,06.06 A,-7.169486,-34.795486,1,0,0,6,João Pessoa
905,0,2026-05-14 15:12:44,48,Penha II,Em frente a desembocadura do Rio Aratu,06.06 A,-7.169486,-34.795486,1,0,0,6,João Pessoa
957,0,2026-05-14 15:17:28,48,Penha II,Em frente a desembocadura do Rio Aratu,06.06 A,-7.169486,-34.795486,1,0,0,6,João Pessoa
1012,1010,2026-05-14 15:22:11,48,Penha II,Em frente a desembocadura do Rio Aratu,06.06 A,-7.169486,-34.795486,1,0,0,6,João Pessoa
1078,110,2026-05-14 15:27:38,48,Penha II,Em frente a desembocadura do Rio Aratu,06.06 A,-7.169486,-34.795486,1,0,0,6,João Pessoa
1129,190,2026-05-14 15:31:56,48,Penha II,Em frente a desembocadura do Rio Aratu,06.06 A,-7.169486,-34.795486,1,0,0,6,João Pessoa
1176,90,2026-05-14 15:35:56,48,Penha II,Em frente a desembocadura do Rio Aratu,06.06 A,-7.169486,-34.795486,1,0,0,6,João Pessoa
1211,1160,2026-05-14 15:39:29,48,Penha II,Em frente a desembocadura do Rio Aratu,06.06 A,-7.169486,-34.795486,1,0,0,6,João Pessoa
1301,320,2026-05-27 11:06:32,48,Penha II,Em frente a desembocadura do Rio Aratu,06.06 A,-7.169486,-34.795486,1,0,0,6,João Pessoa
1366,120,2026-06-03 12:41:05,48,Penha II,Em frente a desembocadura do Rio Aratu,06.06 A,-7.169486,-34.795486,1,0,0,6,João Pessoa
1405,380,2026-06-12 11:55:36,48,Penha II,Em frente a desembocadura do Rio Aratu,06.06 A,-7.169486,-34.795486,1,0,0,6,João Pessoa
1448,110,2026-06-19 10:30:26,48,Penha II,Em frente a desembocadura do Rio Aratu,06.06 A,-7.169486,-34.795486,1,0,0,6,João Pessoa
1466,180,2026-06-26 11:19:54,48,Penha II,Em frente a desembocadura do Rio Aratu,06.06 A,-7.169486,-34.795486,1,0,0,6,João Pessoa
1499,990,2026-07-03 10:04:46,48,Penha II,Em frente a desembocadura do Rio Aratu,06.06 A,-7.169486,-34.795486,1,0,0,6,João Pessoa
1542,100,2026-07-10 12:22:58,48,Penha II,Em frente a desembocadura do Rio Aratu,06.06 A,-7.169486,-34.795486,1,0,0,6,João Pessoa
1586,10,2026-07-17 11:36:40,48,Penha II,Em frente a desembocadura do Rio Aratu,06.06 A,-7.169486,-34.795486,1,0,0,6,João Pessoa
1638,410,2026-07-29 14:58:40,48,Penha II,Em frente a desembocadura do Rio Aratu,06.06 A,-7.169486,-34.795486,1,0,0,6,João Pessoa
1665,1530,2026-07-30 18:37:56,48,Penha II,Em frente a desembocadura do Rio Aratu,06.06 A,-7.169486,-34.795486,1,0,0,6,João Pessoa
224,280,2026-05-14 13:33:36,49,Rio Aratú,AVENIDA PANORÂMICA,N1,-7.175047,-34.796136,1,1,0,6,João Pessoa
225,300,2026-05-14 13:33:39,49,Rio Aratú,AVENIDA PANORÂMICA,N1,-7.175047,-34.796136,1,1,0,6,João Pessoa
226,430,2026-05-14 13:33:42,49,Rio Aratú,AVENIDA PANORÂMICA,N1,-7.175047,-34.796136,1,1,0,6,João Pessoa
227,30,2026-05-14 13:33:44,49,Rio Aratú,AVENIDA PANORÂMICA,N1,-7.175047,-34.796136,1,1,0,6,João Pessoa
228,90,2026-05-14 13:33:49,49,Rio Aratú,AVENIDA PANORÂMICA,N1,-7.175047,-34.796136,1,1,0,6,João Pessoa
229,240,2026-05-14 13:33:57,49,Rio Aratú,AVENIDA PANORÂMICA,N1,-7.175047,-34.796136,1,1,0,6,João Pessoa
230,580,2026-05-14 13:33:59,49,Rio Aratú,AVENIDA PANORÂMICA,N1,-7.175047,-34.796136,1,1,0,6,João Pessoa
231,170,2026-05-14 13:34:02,49,Rio Aratú,AVENIDA PANORÂMICA,N1,-7.175047,-34.796136,1,1,0,6,João Pessoa
232,280,2026-05-14 13:34:10,49,Rio Aratú,AVENIDA PANORÂMICA,N1,-7.175047,-34.796136,1,1,0,6,João Pessoa
233,300,2026-05-14 13:34:13,49,Rio Aratú,AVENIDA PANORÂMICA,N1,-7.175047,-34.796136,1,1,0,6,João Pessoa
234,430,2026-05-14 13:34:17,49,Rio Aratú,AVENIDA PANORÂMICA,N1,-7.175047,-34.796136,1,1,0,6,João Pessoa
235,30,2026-05-14 13:34:22,49,Rio Aratú,AVENIDA PANORÂMICA,N1,-7.175047,-34.796136,1,1,0,6,João Pessoa
236,90,2026-05-14 13:34:25,49,Rio Aratú,AVENIDA PANORÂMICA,N1,-7.175047,-34.796136,1,1,0,6,João Pessoa
474,370,2026-05-14 14:25:16,49,Rio Aratú,AVENIDA PANORÂMICA,N1,-7.175047,-34.796136,1,1,0,6,João Pessoa
543,780,2026-05-14 14:33:15,49,Rio Aratú,AVENIDA PANORÂMICA,N1,-7.175047,-34.796136,1,1,0,6,João Pessoa
660,220,2026-05-14 14:46:54,49,Rio Aratú,AVENIDA PANORÂMICA,N1,-7.175047,-34.796136,1,1,0,6,João Pessoa
723,0,2026-05-14 14:52:43,49,Rio Aratú,AVENIDA PANORÂMICA,N1,-7.175047,-34.796136,1,1,0,6,João Pessoa
790,1260,2026-05-14 14:59:30,49,Rio Aratú,AVENIDA PANORÂMICA,N1,-7.175047,-34.796136,1,1,0,6,João Pessoa
851,0,2026-05-14 15:08:19,49,Rio Aratú,AVENIDA PANORÂMICA,N1,-7.175047,-34.796136,1,1,0,6,João Pessoa
913,250,2026-05-14 15:13:41,49,Rio Aratú,AVENIDA PANORÂMICA,N1,-7.175047,-34.796136,1,1,0,6,João Pessoa
965,160,2026-05-14 15:18:12,49,Rio Aratú,AVENIDA PANORÂMICA,N1,-7.175047,-34.796136,1,1,0,6,João Pessoa
1020,0,2026-05-14 15:22:51,49,Rio Aratú,AVENIDA PANORÂMICA,N1,-7.175047,-34.796136,1,1,0,6,João Pessoa
1086,250,2026-05-14 15:28:21,49,Rio Aratú,AVENIDA PANORÂMICA,N1,-7.175047,-34.796136,1,1,0,6,João Pessoa
1137,710,2026-05-14 15:32:46,49,Rio Aratú,AVENIDA PANORÂMICA,N1,-7.175047,-34.796136,1,1,0,6,João Pessoa
1183,5000,2026-05-14 15:36:42,49,Rio Aratú,AVENIDA PANORÂMICA,N1,-7.175047,-34.796136,1,1,0,6,João Pessoa
1219,210,2026-05-14 15:40:10,49,Rio Aratú,AVENIDA PANORÂMICA,N1,-7.175047,-34.796136,1,1,0,6,João Pessoa
157,40,2026-05-14 13:23:57,50,Jacarapé,Ao final da RUA MANOEL CANDIDO SOARES,06.07 A,-7.199067,-34.797683,1,0,0,6,João Pessoa
158,10,2026-05-14 13:23:59,50,Jacarapé,Ao final da RUA MANOEL CANDIDO SOARES,06.07 A,-7.199067,-34.797683,1,0,0,6,João Pessoa
159,270,2026-05-14 13:24:02,50,Jacarapé,Ao final da RUA MANOEL CANDIDO SOARES,06.07 A,-7.199067,-34.797683,1,0,0,6,João Pessoa
160,10,2026-05-14 13:24:04,50,Jacarapé,Ao final da RUA MANOEL CANDIDO SOARES,06.07 A,-7.199067,-34.797683,1,0,0,6,João Pessoa
161,2280,2026-05-14 13:24:10,50,Jacarapé,Ao final da RUA MANOEL CANDIDO SOARES,06.07 A,-7.199067,-34.797683,1,0,0,6,João Pessoa
403,2150,2026-05-14 14:00:59,50,Jacarapé,Ao final da RUA MANOEL CANDIDO SOARES,06.07 A,-7.199067,-34.797683,1,0,0,6,João Pessoa
430,0,2026-05-14 14:14:19,50,Jacarapé,Ao final da RUA MANOEL CANDIDO SOARES,06.07 A,-7.199067,-34.797683,1,0,0,6,João Pessoa
467,6720,2026-05-14 14:24:21,50,Jacarapé,Ao final da RUA MANOEL CANDIDO SOARES,06.07 A,-7.199067,-34.797683,1,0,0,6,João Pessoa
535,0,2026-05-14 14:32:23,50,Jacarapé,Ao final da RUA MANOEL CANDIDO SOARES,06.07 A,-7.199067,-34.797683,1,0,0,6,João Pessoa
587,1570,2026-05-14 14:38:06,50,Jacarapé,Ao final da RUA MANOEL CANDIDO SOARES,06.07 A,-7.199067,-34.797683,1,0,0,6,João Pessoa
613,2880,2026-05-14 14:41:36,50,Jacarapé,Ao final da RUA MANOEL CANDIDO SOARES,06.07 A,-7.199067,-34.797683,1,0,0,6,João Pessoa
652,740,2026-05-14 14:46:05,50,Jacarapé,Ao final da RUA MANOEL CANDIDO SOARES,06.07 A,-7.199067,-34.797683,1,0,0,6,João Pessoa
715,1300,2026-05-14 14:51:58,50,Jacarapé,Ao final da RUA MANOEL CANDIDO SOARES,06.07 A,-7.199067,-34.797683,1,0,0,6,João Pessoa
782,600,2026-05-14 14:58:47,50,Jacarapé,Ao final da RUA MANOEL CANDIDO SOARES,06.07 A,-7.199067,-34.797683,1,0,0,6,João Pessoa
843,0,2026-05-14 15:07:39,50,Jacarapé,Ao final da RUA MANOEL CANDIDO SOARES,06.07 A,-7.199067,-34.797683,1,0,0,6,João Pessoa
906,330,2026-05-14 15:12:53,50,Jacarapé,Ao final da RUA MANOEL CANDIDO SOARES,06.07 A,-7.199067,-34.797683,1,0,0,6,João Pessoa
958,60,2026-05-14 15:17:31,50,Jacarapé,Ao final da RUA MANOEL CANDIDO SOARES,06.07 A,-7.199067,-34.797683,1,0,0,6,João Pessoa
1013,900,2026-05-14 15:22:14,50,Jacarapé,Ao final da RUA MANOEL CANDIDO SOARES,06.07 A,-7.199067,-34.797683,1,0,0,6,João Pessoa
1079,200,2026-05-14 15:27:45,50,Jacarapé,Ao final da RUA MANOEL CANDIDO SOARES,06.07 A,-7.199067,-34.797683,1,0,0,6,João Pessoa
1130,60,2026-05-14 15:31:58,50,Jacarapé,Ao final da RUA MANOEL CANDIDO SOARES,06.07 A,-7.199067,-34.797683,1,0,0,6,João Pessoa
1212,300,2026-05-14 15:39:33,50,Jacarapé,Ao final da RUA MANOEL CANDIDO SOARES,06.07 A,-7.199067,-34.797683,1,0,0,6,João Pessoa
1302,0,2026-05-27 11:07:04,50,Jacarapé,Ao final da RUA MANOEL CANDIDO SOARES,06.07 A,-7.199067,-34.797683,1,0,0,6,João Pessoa
1337,1590,2026-05-29 11:53:32,50,Jacarapé,Ao final da RUA MANOEL CANDIDO SOARES,06.07 A,-7.199067,-34.797683,1,0,0,6,João Pessoa
1365,10,2026-06-03 12:41:04,50,Jacarapé,Ao final da RUA MANOEL CANDIDO SOARES,06.07 A,-7.199067,-34.797683,1,0,0,6,João Pessoa
1404,210,2026-06-12 11:55:35,50,Jacarapé,Ao final da RUA MANOEL CANDIDO SOARES,06.07 A,-7.199067,-34.797683,1,0,0,6,João Pessoa
1447,3000,2026-06-19 10:30:26,50,Jacarapé,Ao final da RUA MANOEL CANDIDO SOARES,06.07 A,-7.199067,-34.797683,1,0,0,6,João Pessoa
1465,10,2026-06-26 11:19:53,50,Jacarapé,Ao final da RUA MANOEL CANDIDO SOARES,06.07 A,-7.199067,-34.797683,1,0,0,6,João Pessoa
1496,770,2026-07-03 10:04:44,50,Jacarapé,Ao final da RUA MANOEL CANDIDO SOARES,06.07 A,-7.199067,-34.797683,1,0,0,6,João Pessoa
1541,1800,2026-07-10 12:22:57,50,Jacarapé,Ao final da RUA MANOEL CANDIDO SOARES,06.07 A,-7.199067,-34.797683,1,0,0,6,João Pessoa
1585,70,2026-07-17 11:36:40,50,Jacarapé,Ao final da RUA MANOEL CANDIDO SOARES,06.07 A,-7.199067,-34.797683,1,0,0,6,João Pessoa
1637,18000,2026-07-29 14:58:40,50,Jacarapé,Ao final da RUA MANOEL CANDIDO SOARES,06.07 A,-7.199067,-34.797683,1,0,0,6,João Pessoa
1664,1600,2026-07-30 18:37:54,50,Jacarapé,Ao final da RUA MANOEL CANDIDO SOARES,06.07 A,-7.199067,-34.797683,1,0,0,6,João Pessoa
237,240,2026-05-14 13:34:30,51,Rio Jacarapé,RUA ALBERTO JORGE RUFFO,N2,-7.196361,-34.796067,1,1,0,6,João Pessoa
238,580,2026-05-14 13:34:35,51,Rio Jacarapé,RUA ALBERTO JORGE RUFFO,N2,-7.196361,-34.796067,1,1,0,6,João Pessoa
239,170,2026-05-14 13:34:38,51,Rio Jacarapé,RUA ALBERTO JORGE RUFFO,N2,-7.196361,-34.796067,1,1,0,6,João Pessoa
240,230,2026-05-14 13:34:41,51,Rio Jacarapé,RUA ALBERTO JORGE RUFFO,N2,-7.196361,-34.796067,1,1,0,6,João Pessoa
241,120,2026-05-14 13:34:44,51,Rio Jacarapé,RUA ALBERTO JORGE RUFFO,N2,-7.196361,-34.796067,1,1,0,6,João Pessoa
475,130,2026-05-14 14:25:21,51,Rio Jacarapé,RUA ALBERTO JORGE RUFFO,N2,-7.196361,-34.796067,1,1,0,6,João Pessoa
544,4000,2026-05-14 14:33:20,51,Rio Jacarapé,RUA ALBERTO JORGE RUFFO,N2,-7.196361,-34.796067,1,1,0,6,João Pessoa
595,630,2026-05-14 14:38:52,51,Rio Jacarapé,RUA ALBERTO JORGE RUFFO,N2,-7.196361,-34.796067,1,1,0,6,João Pessoa
661,190,2026-05-14 14:46:59,51,Rio Jacarapé,RUA ALBERTO JORGE RUFFO,N2,-7.196361,-34.796067,1,1,0,6,João Pessoa
724,0,2026-05-14 14:52:49,51,Rio Jacarapé,RUA ALBERTO JORGE RUFFO,N2,-7.196361,-34.796067,1,1,0,6,João Pessoa
791,8000,2026-05-14 14:59:34,51,Rio Jacarapé,RUA ALBERTO JORGE RUFFO,N2,-7.196361,-34.796067,1,1,0,6,João Pessoa
852,1660,2026-05-14 15:08:23,51,Rio Jacarapé,RUA ALBERTO JORGE RUFFO,N2,-7.196361,-34.796067,1,1,0,6,João Pessoa
914,350,2026-05-14 15:13:46,51,Rio Jacarapé,RUA ALBERTO JORGE RUFFO,N2,-7.196361,-34.796067,1,1,0,6,João Pessoa
966,300,2026-05-14 15:18:16,51,Rio Jacarapé,RUA ALBERTO JORGE RUFFO,N2,-7.196361,-34.796067,1,1,0,6,João Pessoa
1021,420,2026-05-14 15:22:54,51,Rio Jacarapé,RUA ALBERTO JORGE RUFFO,N2,-7.196361,-34.796067,1,1,0,6,João Pessoa
1087,2000,2026-05-14 15:28:25,51,Rio Jacarapé,RUA ALBERTO JORGE RUFFO,N2,-7.196361,-34.796067,1,1,0,6,João Pessoa
1138,500,2026-05-14 15:32:51,51,Rio Jacarapé,RUA ALBERTO JORGE RUFFO,N2,-7.196361,-34.796067,1,1,0,6,João Pessoa
1220,1250,2026-05-14 15:40:14,51,Rio Jacarapé,RUA ALBERTO JORGE RUFFO,N2,-7.196361,-34.796067,1,1,0,6,João Pessoa
209,830,2026-05-14 13:32:10,53,Rio Cuiá,RIO CUIÁ,F4,-7.207406,-34.802644,1,1,0,6,João Pessoa
210,20100,2026-05-14 13:32:14,53,Rio Cuiá,RIO CUIÁ,F4,-7.207406,-34.802644,1,1,0,6,João Pessoa
211,30000,2026-05-14 13:32:20,53,Rio Cuiá,RIO CUIÁ,F4,-7.207406,-34.802644,1,1,0,6,João Pessoa
212,45000,2026-05-14 13:32:31,53,Rio Cuiá,RIO CUIÁ,F4,-7.207406,-34.802644,1,1,0,6,João Pessoa
213,0,2026-05-14 13:32:37,53,Rio Cuiá,RIO CUIÁ,F4,-7.207406,-34.802644,1,1,0,6,João Pessoa
540,30,2026-05-14 14:32:58,53,Rio Cuiá,RIO CUIÁ,F4,-7.207406,-34.802644,1,1,0,6,João Pessoa
592,0,2026-05-14 14:38:32,53,Rio Cuiá,RIO CUIÁ,F4,-7.207406,-34.802644,1,1,0,6,João Pessoa
657,7280,2026-05-14 14:46:37,53,Rio Cuiá,RIO CUIÁ,F4,-7.207406,-34.802644,1,1,0,6,João Pessoa
720,4000,2026-05-14 14:52:27,53,Rio Cuiá,RIO CUIÁ,F4,-7.207406,-34.802644,1,1,0,6,João Pessoa
787,2870,2026-05-14 14:59:19,53,Rio Cuiá,RIO CUIÁ,F4,-7.207406,-34.802644,1,1,0,6,João Pessoa
848,16500,2026-05-14 15:08:09,53,Rio Cuiá,RIO CUIÁ,F4,-7.207406,-34.802644,1,1,0,6,João Pessoa
162,660,2026-05-14 13:24:33,54,Do Sol,Em frente a desembocadura do Riacho Camurupim,06.08,-7.215975,-34.803767,1,0,0,6,João Pessoa
163,3300,2026-05-14 13:24:37,54,Do Sol,Em frente a desembocadura do Riacho Camurupim,06.08,-7.215975,-34.803767,1,0,0,6,João Pessoa
164,24,2026-05-14 13:24:39,54,Do Sol,Em frente a desembocadura do Riacho Camurupim,06.08,-7.215975,-34.803767,1,0,0,6,João Pessoa
165,1960,2026-05-14 13:24:49,54,Do Sol,Em frente a desembocadura do Riacho Camurupim,06.08,-7.215975,-34.803767,1,0,0,6,João Pessoa
166,648,2026-05-14 13:24:50,54,Do Sol,Em frente a desembocadura do Riacho Camurupim,06.08,-7.215975,-34.803767,1,0,0,6,João Pessoa
404,44,2026-05-14 14:01:04,54,Do Sol,Em frente a desembocadura do Riacho Camurupim,06.08,-7.215975,-34.803767,1,0,0,6,João Pessoa
431,388,2026-05-14 14:14:23,54,Do Sol,Em frente a desembocadura do Riacho Camurupim,06.08,-7.215975,-34.803767,1,0,0,6,João Pessoa
468,24,2026-05-14 14:24:25,54,Do Sol,Em frente a desembocadura do Riacho Camurupim,06.08,-7.215975,-34.803767,1,0,0,6,João Pessoa
536,114,2026-05-14 14:32:29,54,Do Sol,Em frente a desembocadura do Riacho Camurupim,06.08,-7.215975,-34.803767,1,0,0,6,João Pessoa
588,100,2026-05-14 14:38:11,54,Do Sol,Em frente a desembocadura do Riacho Camurupim,06.08,-7.215975,-34.803767,1,0,0,6,João Pessoa
614,3780,2026-05-14 14:41:40,54,Do Sol,Em frente a desembocadura do Riacho Camurupim,06.08,-7.215975,-34.803767,1,0,0,6,João Pessoa
653,6000,2026-05-14 14:46:10,54,Do Sol,Em frente a desembocadura do Riacho Camurupim,06.08,-7.215975,-34.803767,1,0,0,6,João Pessoa
716,4000,2026-05-14 14:52:03,54,Do Sol,Em frente a desembocadura do Riacho Camurupim,06.08,-7.215975,-34.803767,1,0,0,6,João Pessoa
783,6,2026-05-14 14:58:51,54,Do Sol,Em frente a desembocadura do Riacho Camurupim,06.08,-7.215975,-34.803767,1,0,0,6,João Pessoa
844,2100,2026-05-14 15:07:47,54,Do Sol,Em frente a desembocadura do Riacho Camurupim,06.08,-7.215975,-34.803767,1,0,0,6,João Pessoa
907,6000,2026-05-14 15:13:01,54,Do Sol,Em frente a desembocadura do Riacho Camurupim,06.08,-7.215975,-34.803767,1,0,0,6,João Pessoa
959,6,2026-05-14 15:17:36,54,Do Sol,Em frente a desembocadura do Riacho Camurupim,06.08,-7.215975,-34.803767,1,0,0,6,João Pessoa
1014,230,2026-05-14 15:22:20,54,Do Sol,Em frente a desembocadura do Riacho Camurupim,06.08,-7.215975,-34.803767,1,0,0,6,João Pessoa
1080,190,2026-05-14 15:27:47,54,Do Sol,Em frente a desembocadura do Riacho Camurupim,06.08,-7.215975,-34.803767,1,0,0,6,João Pessoa
1131,4,2026-05-14 15:32:05,54,Do Sol,Em frente a desembocadura do Riacho Camurupim,06.08,-7.215975,-34.803767,1,0,0,6,João Pessoa
1177,3000,2026-05-14 15:36:05,54,Do Sol,Em frente a desembocadura do Riacho Camurupim,06.08,-7.215975,-34.803767,1,0,0,6,João Pessoa
1213,62,2026-05-14 15:39:37,54,Do Sol,Em frente a desembocadura do Riacho Camurupim,06.08,-7.215975,-34.803767,1,0,0,6,João Pessoa
1303,6,2026-05-27 11:09:24,54,Do Sol,Em frente a desembocadura do Riacho Camurupim,06.08,-7.215975,-34.803767,1,0,0,6,João Pessoa
1338,4,2026-05-29 11:53:33,54,Do Sol,Em frente a desembocadura do Riacho Camurupim,06.08,-7.215975,-34.803767,1,0,0,6,João Pessoa
1364,16,2026-06-03 12:41:03,54,Do Sol,Em frente a desembocadura do Riacho Camurupim,06.08,-7.215975,-34.803767,1,0,0,6,João Pessoa
1403,4,2026-06-12 11:55:33,54,Do Sol,Em frente a desembocadura do Riacho Camurupim,06.08,-7.215975,-34.803767,1,0,0,6,João Pessoa
1446,10,2026-06-19 10:30:25,54,Do Sol,Em frente a desembocadura do Riacho Camurupim,06.08,-7.215975,-34.803767,1,0,0,6,João Pessoa
1464,10,2026-06-26 11:19:52,54,Do Sol,Em frente a desembocadura do Riacho Camurupim,06.08,-7.215975,-34.803767,1,0,0,6,João Pessoa
1498,42,2026-07-03 10:04:46,54,Do Sol,Em frente a desembocadura do Riacho Camurupim,06.08,-7.215975,-34.803767,1,0,0,6,João Pessoa
1540,12,2026-07-10 12:22:57,54,Do Sol,Em frente a desembocadura do Riacho Camurupim,06.08,-7.215975,-34.803767,1,0,0,6,João Pessoa
1584,74,2026-07-17 11:36:39,54,Do Sol,Em frente a desembocadura do Riacho Camurupim,06.08,-7.215975,-34.803767,1,0,0,6,João Pessoa
1663,26,2026-07-30 18:37:53,54,Do Sol,Em frente a desembocadura do Riacho Camurupim,06.08,-7.215975,-34.803767,1,0,0,6,João Pessoa
242,46,2026-05-14 13:34:55,55,Riacho Camurupim,RUA GEOVANE DE SOUZA CAVALCANTI,N3,-7.216836,-34.804286,1,1,0,6,João Pessoa
243,158,2026-05-14 13:34:59,55,Riacho Camurupim,RUA GEOVANE DE SOUZA CAVALCANTI,N3,-7.216836,-34.804286,1,1,0,6,João Pessoa
244,434,2026-05-14 13:35:02,55,Riacho Camurupim,RUA GEOVANE DE SOUZA CAVALCANTI,N3,-7.216836,-34.804286,1,1,0,6,João Pessoa
245,96,2026-05-14 13:35:04,55,Riacho Camurupim,RUA GEOVANE DE SOUZA CAVALCANTI,N3,-7.216836,-34.804286,1,1,0,6,João Pessoa
246,1276,2026-05-14 13:35:11,55,Riacho Camurupim,RUA GEOVANE DE SOUZA CAVALCANTI,N3,-7.216836,-34.804286,1,1,0,6,João Pessoa
476,3000,2026-05-14 14:25:27,55,Riacho Camurupim,RUA GEOVANE DE SOUZA CAVALCANTI,N3,-7.216836,-34.804286,1,1,0,6,João Pessoa
545,0,2026-05-14 14:33:24,55,Riacho Camurupim,RUA GEOVANE DE SOUZA CAVALCANTI,N3,-7.216836,-34.804286,1,1,0,6,João Pessoa
596,158,2026-05-14 14:38:57,55,Riacho Camurupim,RUA GEOVANE DE SOUZA CAVALCANTI,N3,-7.216836,-34.804286,1,1,0,6,João Pessoa
662,0,2026-05-14 14:47:03,55,Riacho Camurupim,RUA GEOVANE DE SOUZA CAVALCANTI,N3,-7.216836,-34.804286,1,1,0,6,João Pessoa
725,0,2026-05-14 14:52:52,55,Riacho Camurupim,RUA GEOVANE DE SOUZA CAVALCANTI,N3,-7.216836,-34.804286,1,1,0,6,João Pessoa
792,172,2026-05-14 14:59:38,55,Riacho Camurupim,RUA GEOVANE DE SOUZA CAVALCANTI,N3,-7.216836,-34.804286,1,1,0,6,João Pessoa
853,0,2026-05-14 15:08:26,55,Riacho Camurupim,RUA GEOVANE DE SOUZA CAVALCANTI,N3,-7.216836,-34.804286,1,1,0,6,João Pessoa
915,38,2026-05-14 15:13:50,55,Riacho Camurupim,RUA GEOVANE DE SOUZA CAVALCANTI,N3,-7.216836,-34.804286,1,1,0,6,João Pessoa
967,30,2026-05-14 15:18:21,55,Riacho Camurupim,RUA GEOVANE DE SOUZA CAVALCANTI,N3,-7.216836,-34.804286,1,1,0,6,João Pessoa
1022,0,2026-05-14 15:22:57,55,Riacho Camurupim,RUA GEOVANE DE SOUZA CAVALCANTI,N3,-7.216836,-34.804286,1,1,0,6,João Pessoa
1088,0,2026-05-14 15:28:30,55,Riacho Camurupim,RUA GEOVANE DE SOUZA CAVALCANTI,N3,-7.216836,-34.804286,1,1,0,6,João Pessoa
1139,400,2026-05-14 15:32:58,55,Riacho Camurupim,RUA GEOVANE DE SOUZA CAVALCANTI,N3,-7.216836,-34.804286,1,1,0,6,João Pessoa
1184,6000,2026-05-14 15:36:50,55,Riacho Camurupim,RUA GEOVANE DE SOUZA CAVALCANTI,N3,-7.216836,-34.804286,1,1,0,6,João Pessoa
1221,0,2026-05-14 15:40:22,55,Riacho Camurupim,RUA GEOVANE DE SOUZA CAVALCANTI,N3,-7.216836,-34.804286,1,1,0,6,João Pessoa
167,12,2026-05-14 13:24:57,56,Barra de Gramame,Em frente a desembocadura do Rio Gramame,06.09,-7.237739,-34.805136,1,0,0,6,João Pessoa
168,130,2026-05-14 13:25:10,56,Barra de Gramame,Em frente a desembocadura do Rio Gramame,06.09,-7.237739,-34.805136,1,0,0,6,João Pessoa
169,0,2026-05-14 13:25:13,56,Barra de Gramame,Em frente a desembocadura do Rio Gramame,06.09,-7.237739,-34.805136,1,0,0,6,João Pessoa
170,118,2026-05-14 13:25:17,56,Barra de Gramame,Em frente a desembocadura do Rio Gramame,06.09,-7.237739,-34.805136,1,0,0,6,João Pessoa
171,6,2026-05-14 13:25:18,56,Barra de Gramame,Em frente a desembocadura do Rio Gramame,06.09,-7.237739,-34.805136,1,0,0,6,João Pessoa
405,4,2026-05-14 14:01:13,56,Barra de Gramame,Em frente a desembocadura do Rio Gramame,06.09,-7.237739,-34.805136,1,0,0,6,João Pessoa
432,156,2026-05-14 14:14:27,56,Barra de Gramame,Em frente a desembocadura do Rio Gramame,06.09,-7.237739,-34.805136,1,0,0,6,João Pessoa
469,2,2026-05-14 14:24:31,56,Barra de Gramame,Em frente a desembocadura do Rio Gramame,06.09,-7.237739,-34.805136,1,0,0,6,João Pessoa
537,0,2026-05-14 14:32:32,56,Barra de Gramame,Em frente a desembocadura do Rio Gramame,06.09,-7.237739,-34.805136,1,0,0,6,João Pessoa
589,176,2026-05-14 14:38:16,56,Barra de Gramame,Em frente a desembocadura do Rio Gramame,06.09,-7.237739,-34.805136,1,0,0,6,João Pessoa
615,28,2026-05-14 14:41:48,56,Barra de Gramame,Em frente a desembocadura do Rio Gramame,06.09,-7.237739,-34.805136,1,0,0,6,João Pessoa
654,40,2026-05-14 14:46:16,56,Barra de Gramame,Em frente a desembocadura do Rio Gramame,06.09,-7.237739,-34.805136,1,0,0,6,João Pessoa
717,500,2026-05-14 14:52:08,56,Barra de Gramame,Em frente a desembocadura do Rio Gramame,06.09,-7.237739,-34.805136,1,0,0,6,João Pessoa
784,28,2026-05-14 14:58:53,56,Barra de Gramame,Em frente a desembocadura do Rio Gramame,06.09,-7.237739,-34.805136,1,0,0,6,João Pessoa
845,800,2026-05-14 15:07:49,56,Barra de Gramame,Em frente a desembocadura do Rio Gramame,06.09,-7.237739,-34.805136,1,0,0,6,João Pessoa
908,66,2026-05-14 15:13:04,56,Barra de Gramame,Em frente a desembocadura do Rio Gramame,06.09,-7.237739,-34.805136,1,0,0,6,João Pessoa
960,0,2026-05-14 15:17:43,56,Barra de Gramame,Em frente a desembocadura do Rio Gramame,06.09,-7.237739,-34.805136,1,0,0,6,João Pessoa
1015,6,2026-05-14 15:22:23,56,Barra de Gramame,Em frente a desembocadura do Rio Gramame,06.09,-7.237739,-34.805136,1,0,0,6,João Pessoa
1081,2000,2026-05-14 15:27:52,56,Barra de Gramame,Em frente a desembocadura do Rio Gramame,06.09,-7.237739,-34.805136,1,0,0,6,João Pessoa
1132,0,2026-05-14 15:32:12,56,Barra de Gramame,Em frente a desembocadura do Rio Gramame,06.09,-7.237739,-34.805136,1,0,0,6,João Pessoa
1178,200,2026-05-14 15:36:11,56,Barra de Gramame,Em frente a desembocadura do Rio Gramame,06.09,-7.237739,-34.805136,1,0,0,6,João Pessoa
1214,54,2026-05-14 15:39:42,56,Barra de Gramame,Em frente a desembocadura do Rio Gramame,06.09,-7.237739,-34.805136,1,0,0,6,João Pessoa
1304,24,2026-05-27 11:09:32,56,Barra de Gramame,Em frente a desembocadura do Rio Gramame,06.09,-7.237739,-34.805136,1,0,0,6,João Pessoa
1363,0,2026-06-03 12:41:03,56,Barra de Gramame,Em frente a desembocadura do Rio Gramame,06.09,-7.237739,-34.805136,1,0,0,6,João Pessoa
1402,2,2026-06-12 11:55:33,56,Barra de Gramame,Em frente a desembocadura do Rio Gramame,06.09,-7.237739,-34.805136,1,0,0,6,João Pessoa
1445,26,2026-06-19 10:30:25,56,Barra de Gramame,Em frente a desembocadura do Rio Gramame,06.09,-7.237739,-34.805136,1,0,0,6,João Pessoa
1463,108,2026-06-26 11:19:51,56,Barra de Gramame,Em frente a desembocadura do Rio Gramame,06.09,-7.237739,-34.805136,1,0,0,6,João Pessoa
1497,14,2026-07-03 10:04:45,56,Barra de Gramame,Em frente a desembocadura do Rio Gramame,06.09,-7.237739,-34.805136,1,0,0,6,João Pessoa
1539,2,2026-07-10 12:22:56,56,Barra de Gramame,Em frente a desembocadura do Rio Gramame,06.09,-7.237739,-34.805136,1,0,0,6,João Pessoa
1583,12,2026-07-17 11:36:39,56,Barra de Gramame,Em frente a desembocadura do Rio Gramame,06.09,-7.237739,-34.805136,1,0,0,6,João Pessoa
1636,20,2026-07-29 14:58:38,56,Barra de Gramame,Em frente a desembocadura do Rio Gramame,06.09,-7.237739,-34.805136,1,0,0,6,João Pessoa
1662,18,2026-07-30 18:37:52,56,Barra de Gramame,Em frente a desembocadura do Rio Gramame,06.09,-7.237739,-34.805136,1,0,0,6,João Pessoa
214,0,2026-05-14 13:32:45,57,Rio Gramame,RIO GRAMAME,F5,-7.237692,-34.806258,1,1,0,6,João Pessoa
215,20,2026-05-14 13:32:48,57,Rio Gramame,RIO GRAMAME,F5,-7.237692,-34.806258,1,1,0,6,João Pessoa
216,4,2026-05-14 13:32:54,57,Rio Gramame,RIO GRAMAME,F5,-7.237692,-34.806258,1,1,0,6,João Pessoa
217,70,2026-05-14 13:33:06,57,Rio Gramame,RIO GRAMAME,F5,-7.237692,-34.806258,1,1,0,6,João Pessoa
218,6,2026-05-14 13:33:10,57,Rio Gramame,RIO GRAMAME,F5,-7.237692,-34.806258,1,1,0,6,João Pessoa
472,52,2026-05-14 14:25:03,57,Rio Gramame,RIO GRAMAME,F5,-7.237692,-34.806258,1,1,0,6,João Pessoa
541,56,2026-05-14 14:33:02,57,Rio Gramame,RIO GRAMAME,F5,-7.237692,-34.806258,1,1,0,6,João Pessoa
593,110,2026-05-14 14:38:36,57,Rio Gramame,RIO GRAMAME,F5,-7.237692,-34.806258,1,1,0,6,João Pessoa
658,26,2026-05-14 14:46:46,57,Rio Gramame,RIO GRAMAME,F5,-7.237692,-34.806258,1,1,0,6,João Pessoa
721,600,2026-05-14 14:52:34,57,Rio Gramame,RIO GRAMAME,F5,-7.237692,-34.806258,1,1,0,6,João Pessoa
788,254,2026-05-14 14:59:23,57,Rio Gramame,RIO GRAMAME,F5,-7.237692,-34.806258,1,1,0,6,João Pessoa
849,0,2026-05-14 15:08:14,57,Rio Gramame,RIO GRAMAME,F5,-7.237692,-34.806258,1,1,0,6,João Pessoa
911,58,2026-05-14 15:13:33,57,Rio Gramame,RIO GRAMAME,F5,-7.237692,-34.806258,1,1,0,6,João Pessoa
963,54,2026-05-14 15:18:05,57,Rio Gramame,RIO GRAMAME,F5,-7.237692,-34.806258,1,1,0,6,João Pessoa
1018,0,2026-05-14 15:22:47,57,Rio Gramame,RIO GRAMAME,F5,-7.237692,-34.806258,1,1,0,6,João Pessoa
1084,2000,2026-05-14 15:28:14,57,Rio Gramame,RIO GRAMAME,F5,-7.237692,-34.806258,1,1,0,6,João Pessoa
1135,36,2026-05-14 15:32:39,57,Rio Gramame,RIO GRAMAME,F5,-7.237692,-34.806258,1,1,0,6,João Pessoa
1181,218,2026-05-14 15:36:35,57,Rio Gramame,RIO GRAMAME,F5,-7.237692,-34.806258,1,1,0,6,João Pessoa
1217,0,2026-05-14 15:40:01,57,Rio Gramame,RIO GRAMAME,F5,-7.237692,-34.806258,1,1,0,6,João Pessoa
312,0,2026-05-14 13:42:50,58,Do Amor,Em frente a desembocadura do Rio Gurugi,07.00 A,-7.273992,-34.801889,1,0,0,7,Conde
314,0,2026-05-14 13:42:51,58,Do Amor,Em frente a desembocadura do Rio Gurugi,07.00 A,-7.273992,-34.801889,1,0,0,7,Conde
316,0,2026-05-14 13:42:52,58,Do Amor,Em frente a desembocadura do Rio Gurugi,07.00 A,-7.273992,-34.801889,1,0,0,7,Conde
478,4,2026-05-14 14:25:49,58,Do Amor,Em frente a desembocadura do Rio Gurugi,07.00 A,-7.273992,-34.801889,1,0,0,7,Conde
664,138,2026-05-14 14:47:20,58,Do Amor,Em frente a desembocadura do Rio Gurugi,07.00 A,-7.273992,-34.801889,1,0,0,7,Conde
727,184,2026-05-14 14:53:12,58,Do Amor,Em frente a desembocadura do Rio Gurugi,07.00 A,-7.273992,-34.801889,1,0,0,7,Conde
1024,38,2026-05-14 15:23:15,58,Do Amor,Em frente a desembocadura do Rio Gurugi,07.00 A,-7.273992,-34.801889,1,0,0,7,Conde
1226,2,2026-05-14 15:40:59,58,Do Amor,Em frente a desembocadura do Rio Gurugi,07.00 A,-7.273992,-34.801889,1,0,0,7,Conde
1423,8,2026-06-12 11:57:23,58,Do Amor,Em frente a desembocadura do Rio Gurugi,07.00 A,-7.273992,-34.801889,1,0,0,7,Conde
1555,0,2026-07-10 12:24:12,58,Do Amor,Em frente a desembocadura do Rio Gurugi,07.00 A,-7.273992,-34.801889,1,0,0,7,Conde
307,0,2026-05-14 13:42:46,59,Jacumã,Em frente a desembocadura do maceió de Jacumã,07.01,-7.285697,-34.800153,1,0,0,7,Conde
308,0,2026-05-14 13:42:47,59,Jacumã,Em frente a desembocadura do maceió de Jacumã,07.01,-7.285697,-34.800153,1,0,0,7,Conde
310,0,2026-05-14 13:42:48,59,Jacumã,Em frente a desembocadura do maceió de Jacumã,07.01,-7.285697,-34.800153,1,0,0,7,Conde
479,6,2026-05-14 14:25:53,59,Jacumã,Em frente a desembocadura do maceió de Jacumã,07.01,-7.285697,-34.800153,1,0,0,7,Conde
728,132,2026-05-14 14:53:16,59,Jacumã,Em frente a desembocadura do maceió de Jacumã,07.01,-7.285697,-34.800153,1,0,0,7,Conde
1025,66,2026-05-14 15:23:18,59,Jacumã,Em frente a desembocadura do maceió de Jacumã,07.01,-7.285697,-34.800153,1,0,0,7,Conde
1227,2200,2026-05-14 15:41:02,59,Jacumã,Em frente a desembocadura do maceió de Jacumã,07.01,-7.285697,-34.800153,1,0,0,7,Conde
1422,6,2026-06-12 11:57:22,59,Jacumã,Em frente a desembocadura do maceió de Jacumã,07.01,-7.285697,-34.800153,1,0,0,7,Conde
1554,90,2026-07-10 12:24:11,59,Jacumã,Em frente a desembocadura do maceió de Jacumã,07.01,-7.285697,-34.800153,1,0,0,7,Conde
327,0,2026-05-14 13:43:16,60,Maceió de Jacumã,AVENIDA BEIRA MAR,N4,-7.291597,-34.801522,2,1,0,7,Conde
328,0,2026-05-14 13:43:17,60,Maceió de Jacumã,AVENIDA BEIRA MAR,N4,-7.291597,-34.801522,2,1,0,7,Conde
329,0,2026-05-14 13:43:18,60,Maceió de Jacumã,AVENIDA BEIRA MAR,N4,-7.291597,-34.801522,2,1,0,7,Conde
331,0,2026-05-14 13:43:19,60,Maceió de Jacumã,AVENIDA BEIRA MAR,N4,-7.291597,-34.801522,2,1,0,7,Conde
484,190,2026-05-14 14:26:28,60,Maceió de Jacumã,AVENIDA BEIRA MAR,N4,-7.291597,-34.801522,2,1,0,7,Conde
733,0,2026-05-14 14:53:44,60,Maceió de Jacumã,AVENIDA BEIRA MAR,N4,-7.291597,-34.801522,2,1,0,7,Conde
1030,2100,2026-05-14 15:23:36,60,Maceió de Jacumã,AVENIDA BEIRA MAR,N4,-7.291597,-34.801522,2,1,0,7,Conde
1222,0,2026-05-14 15:40:37,60,Maceió de Jacumã,AVENIDA BEIRA MAR,N4,-7.291597,-34.801522,2,1,0,7,Conde
317,0,2026-05-14 13:42:54,61,Carapibus,No final da Rua Maria Carmelita Vasconselos,07.00,-7.297217,-34.801081,1,0,0,7,Conde
318,0,2026-05-14 13:42:55,61,Carapibus,No final da Rua Maria Carmelita Vasconselos,07.00,-7.297217,-34.801081,1,0,0,7,Conde
320,0,2026-05-14 13:42:56,61,Carapibus,No final da Rua Maria Carmelita Vasconselos,07.00,-7.297217,-34.801081,1,0,0,7,Conde
477,68,2026-05-14 14:25:44,61,Carapibus,No final da Rua Maria Carmelita Vasconselos,07.00,-7.297217,-34.801081,1,0,0,7,Conde
663,10,2026-05-14 14:47:18,61,Carapibus,No final da Rua Maria Carmelita Vasconselos,07.00,-7.297217,-34.801081,1,0,0,7,Conde
726,34,2026-05-14 14:53:09,61,Carapibus,No final da Rua Maria Carmelita Vasconselos,07.00,-7.297217,-34.801081,1,0,0,7,Conde
1023,22,2026-05-14 15:23:12,61,Carapibus,No final da Rua Maria Carmelita Vasconselos,07.00,-7.297217,-34.801081,1,0,0,7,Conde
1225,46,2026-05-14 15:40:57,61,Carapibus,No final da Rua Maria Carmelita Vasconselos,07.00,-7.297217,-34.801081,1,0,0,7,Conde
1424,46,2026-06-12 11:57:23,61,Carapibus,No final da Rua Maria Carmelita Vasconselos,07.00,-7.297217,-34.801081,1,0,0,7,Conde
1556,64,2026-07-10 12:24:13,61,Carapibus,No final da Rua Maria Carmelita Vasconselos,07.00,-7.297217,-34.801081,1,0,0,7,Conde
302,0,2026-05-14 13:42:41,62,Tabatinga,Em frente a desembocadura do Maceió Bucatu,07.01 A,-7.308783,-34.801214,1,0,0,7,Conde
303,0,2026-05-14 13:42:42,62,Tabatinga,Em frente a desembocadura do Maceió Bucatu,07.01 A,-7.308783,-34.801214,1,0,0,7,Conde
304,0,2026-05-14 13:42:43,62,Tabatinga,Em frente a desembocadura do Maceió Bucatu,07.01 A,-7.308783,-34.801214,1,0,0,7,Conde
305,0,2026-05-14 13:42:44,62,Tabatinga,Em frente a desembocadura do Maceió Bucatu,07.01 A,-7.308783,-34.801214,1,0,0,7,Conde
480,10,2026-05-14 14:25:59,62,Tabatinga,Em frente a desembocadura do Maceió Bucatu,07.01 A,-7.308783,-34.801214,1,0,0,7,Conde
665,0,2026-05-14 14:47:32,62,Tabatinga,Em frente a desembocadura do Maceió Bucatu,07.01 A,-7.308783,-34.801214,1,0,0,7,Conde
729,780,2026-05-14 14:53:24,62,Tabatinga,Em frente a desembocadura do Maceió Bucatu,07.01 A,-7.308783,-34.801214,1,0,0,7,Conde
1026,6,2026-05-14 15:23:21,62,Tabatinga,Em frente a desembocadura do Maceió Bucatu,07.01 A,-7.308783,-34.801214,1,0,0,7,Conde
1228,0,2026-05-14 15:41:05,62,Tabatinga,Em frente a desembocadura do Maceió Bucatu,07.01 A,-7.308783,-34.801214,1,0,0,7,Conde
1421,6,2026-06-12 11:57:22,62,Tabatinga,Em frente a desembocadura do Maceió Bucatu,07.01 A,-7.308783,-34.801214,1,0,0,7,Conde
1553,444,2026-07-10 12:24:11,62,Tabatinga,Em frente a desembocadura do Maceió Bucatu,07.01 A,-7.308783,-34.801214,1,0,0,7,Conde
297,0,2026-05-14 13:42:32,64,Coqueirinho do Sul,Enseada de Coqueirinho,07.02,-7.330114,-34.795078,1,0,0,7,Conde
298,0,2026-05-14 13:42:36,64,Coqueirinho do Sul,Enseada de Coqueirinho,07.02,-7.330114,-34.795078,1,0,0,7,Conde
299,0,2026-05-14 13:42:38,64,Coqueirinho do Sul,Enseada de Coqueirinho,07.02,-7.330114,-34.795078,1,0,0,7,Conde
300,0,2026-05-14 13:42:39,64,Coqueirinho do Sul,Enseada de Coqueirinho,07.02,-7.330114,-34.795078,1,0,0,7,Conde
301,0,2026-05-14 13:42:40,64,Coqueirinho do Sul,Enseada de Coqueirinho,07.02,-7.330114,-34.795078,1,0,0,7,Conde
481,2,2026-05-14 14:26:08,64,Coqueirinho do Sul,Enseada de Coqueirinho,07.02,-7.330114,-34.795078,1,0,0,7,Conde
666,24,2026-05-14 14:47:36,64,Coqueirinho do Sul,Enseada de Coqueirinho,07.02,-7.330114,-34.795078,1,0,0,7,Conde
730,10,2026-05-14 14:53:28,64,Coqueirinho do Sul,Enseada de Coqueirinho,07.02,-7.330114,-34.795078,1,0,0,7,Conde
1027,0,2026-05-14 15:23:25,64,Coqueirinho do Sul,Enseada de Coqueirinho,07.02,-7.330114,-34.795078,1,0,0,7,Conde
1229,176,2026-05-14 15:41:09,64,Coqueirinho do Sul,Enseada de Coqueirinho,07.02,-7.330114,-34.795078,1,0,0,7,Conde
1420,234,2026-06-12 11:57:21,64,Coqueirinho do Sul,Enseada de Coqueirinho,07.02,-7.330114,-34.795078,1,0,0,7,Conde
1552,48,2026-07-10 12:24:10,64,Coqueirinho do Sul,Enseada de Coqueirinho,07.02,-7.330114,-34.795078,1,0,0,7,Conde
292,0,2026-05-14 13:42:24,65,Tambaba,Pedra do coqueiro de Tambaba,07.03,-7.365144,-34.797706,1,0,0,7,Conde
293,0,2026-05-14 13:42:25,65,Tambaba,Pedra do coqueiro de Tambaba,07.03,-7.365144,-34.797706,1,0,0,7,Conde
294,0,2026-05-14 13:42:26,65,Tambaba,Pedra do coqueiro de Tambaba,07.03,-7.365144,-34.797706,1,0,0,7,Conde
295,0,2026-05-14 13:42:28,65,Tambaba,Pedra do coqueiro de Tambaba,07.03,-7.365144,-34.797706,1,0,0,7,Conde
482,8,2026-05-14 14:26:13,65,Tambaba,Pedra do coqueiro de Tambaba,07.03,-7.365144,-34.797706,1,0,0,7,Conde
667,64,2026-05-14 14:47:39,65,Tambaba,Pedra do coqueiro de Tambaba,07.03,-7.365144,-34.797706,1,0,0,7,Conde
731,182,2026-05-14 14:53:31,65,Tambaba,Pedra do coqueiro de Tambaba,07.03,-7.365144,-34.797706,1,0,0,7,Conde
1028,16,2026-05-14 15:23:27,65,Tambaba,Pedra do coqueiro de Tambaba,07.03,-7.365144,-34.797706,1,0,0,7,Conde
1230,20,2026-05-14 15:41:11,65,Tambaba,Pedra do coqueiro de Tambaba,07.03,-7.365144,-34.797706,1,0,0,7,Conde
1419,16,2026-06-12 11:57:21,65,Tambaba,Pedra do coqueiro de Tambaba,07.03,-7.365144,-34.797706,1,0,0,7,Conde
1551,18,2026-07-10 12:24:10,65,Tambaba,Pedra do coqueiro de Tambaba,07.03,-7.365144,-34.797706,1,0,0,7,Conde
287,0,2026-05-14 13:42:18,66,Barra do Grau,Foz do Rio Graú,07.04,-7.388864,-34.802889,1,0,0,7,Conde
288,0,2026-05-14 13:42:19,66,Barra do Grau,Foz do Rio Graú,07.04,-7.388864,-34.802889,1,0,0,7,Conde
289,0,2026-05-14 13:42:20,66,Barra do Grau,Foz do Rio Graú,07.04,-7.388864,-34.802889,1,0,0,7,Conde
291,0,2026-05-14 13:42:21,66,Barra do Grau,Foz do Rio Graú,07.04,-7.388864,-34.802889,1,0,0,7,Conde
483,206,2026-05-14 14:26:19,66,Barra do Grau,Foz do Rio Graú,07.04,-7.388864,-34.802889,1,0,0,7,Conde
668,232,2026-05-14 14:47:42,66,Barra do Grau,Foz do Rio Graú,07.04,-7.388864,-34.802889,1,0,0,7,Conde
732,642,2026-05-14 14:53:33,66,Barra do Grau,Foz do Rio Graú,07.04,-7.388864,-34.802889,1,0,0,7,Conde
1029,26,2026-05-14 15:23:29,66,Barra do Grau,Foz do Rio Graú,07.04,-7.388864,-34.802889,1,0,0,7,Conde
1550,0,2026-07-10 12:24:10,66,Barra do Grau,Foz do Rio Graú,07.04,-7.388864,-34.802889,1,0,0,7,Conde
173,2,2026-05-14 13:27:53,67,Bela,Em frente ao Maceió de Praia Bela,08.00 A,-7.397969,-34.804111,1,0,0,8,Pitimbú
279,0,2026-05-14 13:42:07,67,Bela,Em frente ao Maceió de Praia Bela,08.00 A,-7.397969,-34.804111,1,0,0,8,Pitimbú
281,0,2026-05-14 13:42:08,67,Bela,Em frente ao Maceió de Praia Bela,08.00 A,-7.397969,-34.804111,1,0,0,8,Pitimbú
282,0,2026-05-14 13:42:10,67,Bela,Em frente ao Maceió de Praia Bela,08.00 A,-7.397969,-34.804111,1,0,0,8,Pitimbú
486,6,2026-05-14 14:26:44,67,Bela,Em frente ao Maceió de Praia Bela,08.00 A,-7.397969,-34.804111,1,0,0,8,Pitimbú
547,2,2026-05-14 14:33:45,67,Bela,Em frente ao Maceió de Praia Bela,08.00 A,-7.397969,-34.804111,1,0,0,8,Pitimbú
670,2,2026-05-14 14:47:59,67,Bela,Em frente ao Maceió de Praia Bela,08.00 A,-7.397969,-34.804111,1,0,0,8,Pitimbú
794,4,2026-05-14 14:59:55,67,Bela,Em frente ao Maceió de Praia Bela,08.00 A,-7.397969,-34.804111,1,0,0,8,Pitimbú
855,0,2026-05-14 15:08:42,67,Bela,Em frente ao Maceió de Praia Bela,08.00 A,-7.397969,-34.804111,1,0,0,8,Pitimbú
919,2,2026-05-14 15:14:27,67,Bela,Em frente ao Maceió de Praia Bela,08.00 A,-7.397969,-34.804111,1,0,0,8,Pitimbú
971,0,2026-05-14 15:18:43,67,Bela,Em frente ao Maceió de Praia Bela,08.00 A,-7.397969,-34.804111,1,0,0,8,Pitimbú
1032,4,2026-05-14 15:23:46,67,Bela,Em frente ao Maceió de Praia Bela,08.00 A,-7.397969,-34.804111,1,0,0,8,Pitimbú
1092,68,2026-05-14 15:29:06,67,Bela,Em frente ao Maceió de Praia Bela,08.00 A,-7.397969,-34.804111,1,0,0,8,Pitimbú
1143,0,2026-05-14 15:33:21,67,Bela,Em frente ao Maceió de Praia Bela,08.00 A,-7.397969,-34.804111,1,0,0,8,Pitimbú
1232,8,2026-05-14 15:41:33,67,Bela,Em frente ao Maceió de Praia Bela,08.00 A,-7.397969,-34.804111,1,0,0,8,Pitimbú
1265,22,2026-05-27 10:55:24,67,Bela,Em frente ao Maceió de Praia Bela,08.00 A,-7.397969,-34.804111,1,0,0,8,Pitimbú
1347,16,2026-05-29 11:57:49,67,Bela,Em frente ao Maceió de Praia Bela,08.00 A,-7.397969,-34.804111,1,0,0,8,Pitimbú
1564,14,2026-07-10 12:25:25,67,Bela,Em frente ao Maceió de Praia Bela,08.00 A,-7.397969,-34.804111,1,0,0,8,Pitimbú
1609,26,2026-07-17 11:39:36,67,Bela,Em frente ao Maceió de Praia Bela,08.00 A,-7.397969,-34.804111,1,0,0,8,Pitimbú
1688,4,2026-07-30 18:40:06,67,Bela,Em frente ao Maceió de Praia Bela,08.00 A,-7.397969,-34.804111,1,0,0,8,Pitimbú
188,10,2026-05-14 13:29:36,68,Maceió da Praia Bela,MACEIÓ DA PRAIA BELA,N5,-7.398539,-34.804756,1,1,0,8,Pitimbú
189,0,2026-05-14 13:29:37,68,Maceió da Praia Bela,MACEIÓ DA PRAIA BELA,N5,-7.398539,-34.804756,1,1,0,8,Pitimbú
190,0,2026-05-14 13:29:38,68,Maceió da Praia Bela,MACEIÓ DA PRAIA BELA,N5,-7.398539,-34.804756,1,1,0,8,Pitimbú
495,110,2026-05-14 14:27:41,68,Maceió da Praia Bela,MACEIÓ DA PRAIA BELA,N5,-7.398539,-34.804756,1,1,0,8,Pitimbú
556,30,2026-05-14 14:34:35,68,Maceió da Praia Bela,MACEIÓ DA PRAIA BELA,N5,-7.398539,-34.804756,1,1,0,8,Pitimbú
679,60,2026-05-14 14:48:35,68,Maceió da Praia Bela,MACEIÓ DA PRAIA BELA,N5,-7.398539,-34.804756,1,1,0,8,Pitimbú
742,2560,2026-05-14 14:54:39,68,Maceió da Praia Bela,MACEIÓ DA PRAIA BELA,N5,-7.398539,-34.804756,1,1,0,8,Pitimbú
803,880,2026-05-14 15:00:38,68,Maceió da Praia Bela,MACEIÓ DA PRAIA BELA,N5,-7.398539,-34.804756,1,1,0,8,Pitimbú
864,320,2026-05-14 15:09:15,68,Maceió da Praia Bela,MACEIÓ DA PRAIA BELA,N5,-7.398539,-34.804756,1,1,0,8,Pitimbú
917,620,2026-05-14 15:14:11,68,Maceió da Praia Bela,MACEIÓ DA PRAIA BELA,N5,-7.398539,-34.804756,1,1,0,8,Pitimbú
969,1000,2026-05-14 15:18:34,68,Maceió da Praia Bela,MACEIÓ DA PRAIA BELA,N5,-7.398539,-34.804756,1,1,0,8,Pitimbú
1040,110,2026-05-14 15:24:20,68,Maceió da Praia Bela,MACEIÓ DA PRAIA BELA,N5,-7.398539,-34.804756,1,1,0,8,Pitimbú
1090,740,2026-05-14 15:28:50,68,Maceió da Praia Bela,MACEIÓ DA PRAIA BELA,N5,-7.398539,-34.804756,1,1,0,8,Pitimbú
1141,500,2026-05-14 15:33:11,68,Maceió da Praia Bela,MACEIÓ DA PRAIA BELA,N5,-7.398539,-34.804756,1,1,0,8,Pitimbú
1224,1150,2026-05-14 15:40:50,68,Maceió da Praia Bela,MACEIÓ DA PRAIA BELA,N5,-7.398539,-34.804756,1,1,0,8,Pitimbú
174,8,2026-05-14 13:27:59,69,Barra do Abiaí,Foz do Rio Abiaí,08.00 B,-7.424678,-34.807931,1,0,0,8,Pitimbú
275,0,2026-05-14 13:42:03,69,Barra do Abiaí,Foz do Rio Abiaí,08.00 B,-7.424678,-34.807931,1,0,0,8,Pitimbú
276,0,2026-05-14 13:42:04,69,Barra do Abiaí,Foz do Rio Abiaí,08.00 B,-7.424678,-34.807931,1,0,0,8,Pitimbú
278,0,2026-05-14 13:42:05,69,Barra do Abiaí,Foz do Rio Abiaí,08.00 B,-7.424678,-34.807931,1,0,0,8,Pitimbú
487,10,2026-05-14 14:26:49,69,Barra do Abiaí,Foz do Rio Abiaí,08.00 B,-7.424678,-34.807931,1,0,0,8,Pitimbú
548,2,2026-05-14 14:33:51,69,Barra do Abiaí,Foz do Rio Abiaí,08.00 B,-7.424678,-34.807931,1,0,0,8,Pitimbú
671,10,2026-05-14 14:48:02,69,Barra do Abiaí,Foz do Rio Abiaí,08.00 B,-7.424678,-34.807931,1,0,0,8,Pitimbú
795,6,2026-05-14 15:00:01,69,Barra do Abiaí,Foz do Rio Abiaí,08.00 B,-7.424678,-34.807931,1,0,0,8,Pitimbú
856,2,2026-05-14 15:08:45,69,Barra do Abiaí,Foz do Rio Abiaí,08.00 B,-7.424678,-34.807931,1,0,0,8,Pitimbú
920,2,2026-05-14 15:14:32,69,Barra do Abiaí,Foz do Rio Abiaí,08.00 B,-7.424678,-34.807931,1,0,0,8,Pitimbú
972,14,2026-05-14 15:18:46,69,Barra do Abiaí,Foz do Rio Abiaí,08.00 B,-7.424678,-34.807931,1,0,0,8,Pitimbú
1266,32,2026-05-27 10:55:32,69,Barra do Abiaí,Foz do Rio Abiaí,08.00 B,-7.424678,-34.807931,1,0,0,8,Pitimbú
1346,22,2026-05-29 11:57:48,69,Barra do Abiaí,Foz do Rio Abiaí,08.00 B,-7.424678,-34.807931,1,0,0,8,Pitimbú
1382,6,2026-06-03 12:42:44,69,Barra do Abiaí,Foz do Rio Abiaí,08.00 B,-7.424678,-34.807931,1,0,0,8,Pitimbú
1563,24,2026-07-10 12:25:25,69,Barra do Abiaí,Foz do Rio Abiaí,08.00 B,-7.424678,-34.807931,1,0,0,8,Pitimbú
1608,36,2026-07-17 11:39:36,69,Barra do Abiaí,Foz do Rio Abiaí,08.00 B,-7.424678,-34.807931,1,0,0,8,Pitimbú
1687,380,2026-07-30 18:40:06,69,Barra do Abiaí,Foz do Rio Abiaí,08.00 B,-7.424678,-34.807931,1,0,0,8,Pitimbú
172,0,2026-05-14 13:27:37,70,Pitimbú,No final da RUA DA PAZ,08.00,-7.471139,-34.80425,1,0,0,8,Pitimbú
283,0,2026-05-14 13:42:12,70,Pitimbú,No final da RUA DA PAZ,08.00,-7.471139,-34.80425,1,0,0,8,Pitimbú
284,0,2026-05-14 13:42:13,70,Pitimbú,No final da RUA DA PAZ,08.00,-7.471139,-34.80425,1,0,0,8,Pitimbú
286,0,2026-05-14 13:42:14,70,Pitimbú,No final da RUA DA PAZ,08.00,-7.471139,-34.80425,1,0,0,8,Pitimbú
485,210,2026-05-14 14:26:40,70,Pitimbú,No final da RUA DA PAZ,08.00,-7.471139,-34.80425,1,0,0,8,Pitimbú
546,10,2026-05-14 14:33:42,70,Pitimbú,No final da RUA DA PAZ,08.00,-7.471139,-34.80425,1,0,0,8,Pitimbú
669,10,2026-05-14 14:47:58,70,Pitimbú,No final da RUA DA PAZ,08.00,-7.471139,-34.80425,1,0,0,8,Pitimbú
734,50,2026-05-14 14:53:57,70,Pitimbú,No final da RUA DA PAZ,08.00,-7.471139,-34.80425,1,0,0,8,Pitimbú
793,160,2026-05-14 14:59:53,70,Pitimbú,No final da RUA DA PAZ,08.00,-7.471139,-34.80425,1,0,0,8,Pitimbú
854,70,2026-05-14 15:08:40,70,Pitimbú,No final da RUA DA PAZ,08.00,-7.471139,-34.80425,1,0,0,8,Pitimbú
918,30,2026-05-14 15:14:24,70,Pitimbú,No final da RUA DA PAZ,08.00,-7.471139,-34.80425,1,0,0,8,Pitimbú
970,20,2026-05-14 15:18:41,70,Pitimbú,No final da RUA DA PAZ,08.00,-7.471139,-34.80425,1,0,0,8,Pitimbú
1031,40,2026-05-14 15:23:44,70,Pitimbú,No final da RUA DA PAZ,08.00,-7.471139,-34.80425,1,0,0,8,Pitimbú
1091,240,2026-05-14 15:29:04,70,Pitimbú,No final da RUA DA PAZ,08.00,-7.471139,-34.80425,1,0,0,8,Pitimbú
1142,1000,2026-05-14 15:33:19,70,Pitimbú,No final da RUA DA PAZ,08.00,-7.471139,-34.80425,1,0,0,8,Pitimbú
1231,2350,2026-05-14 15:41:22,70,Pitimbú,No final da RUA DA PAZ,08.00,-7.471139,-34.80425,1,0,0,8,Pitimbú
1264,860,2026-05-27 10:54:47,70,Pitimbú,No final da RUA DA PAZ,08.00,-7.471139,-34.80425,1,0,0,8,Pitimbú
1305,40,2026-05-27 11:09:47,70,Pitimbú,No final da RUA DA PAZ,08.00,-7.471139,-34.80425,1,0,0,8,Pitimbú
1348,60,2026-05-29 11:57:50,70,Pitimbú,No final da RUA DA PAZ,08.00,-7.471139,-34.80425,1,0,0,8,Pitimbú
1381,0,2026-06-03 12:42:43,70,Pitimbú,No final da RUA DA PAZ,08.00,-7.471139,-34.80425,1,0,0,8,Pitimbú
1565,410,2026-07-10 12:25:26,70,Pitimbú,No final da RUA DA PAZ,08.00,-7.471139,-34.80425,1,0,0,8,Pitimbú
1610,590,2026-07-17 11:39:36,70,Pitimbú,No final da RUA DA PAZ,08.00,-7.471139,-34.80425,1,0,0,8,Pitimbú
1689,10,2026-07-30 18:40:07,70,Pitimbú,No final da RUA DA PAZ,08.00,-7.471139,-34.80425,1,0,0,8,Pitimbú
175,70,2026-05-14 13:28:04,71,Maceió,Em frente a desembocadura do riacho Engenho Velho,08.01,-7.477711,-34.808956,1,0,0,8,Pitimbú
271,0,2026-05-14 13:41:57,71,Maceió,Em frente a desembocadura do riacho Engenho Velho,08.01,-7.477711,-34.808956,1,0,0,8,Pitimbú
273,0,2026-05-14 13:41:58,71,Maceió,Em frente a desembocadura do riacho Engenho Velho,08.01,-7.477711,-34.808956,1,0,0,8,Pitimbú
488,2930,2026-05-14 14:26:55,71,Maceió,Em frente a desembocadura do riacho Engenho Velho,08.01,-7.477711,-34.808956,1,0,0,8,Pitimbú
549,920,2026-05-14 14:33:55,71,Maceió,Em frente a desembocadura do riacho Engenho Velho,08.01,-7.477711,-34.808956,1,0,0,8,Pitimbú
672,250,2026-05-14 14:48:07,71,Maceió,Em frente a desembocadura do riacho Engenho Velho,08.01,-7.477711,-34.808956,1,0,0,8,Pitimbú
735,1500,2026-05-14 14:54:09,71,Maceió,Em frente a desembocadura do riacho Engenho Velho,08.01,-7.477711,-34.808956,1,0,0,8,Pitimbú
796,1020,2026-05-14 15:00:10,71,Maceió,Em frente a desembocadura do riacho Engenho Velho,08.01,-7.477711,-34.808956,1,0,0,8,Pitimbú
857,0,2026-05-14 15:08:47,71,Maceió,Em frente a desembocadura do riacho Engenho Velho,08.01,-7.477711,-34.808956,1,0,0,8,Pitimbú
921,2000,2026-05-14 15:14:35,71,Maceió,Em frente a desembocadura do riacho Engenho Velho,08.01,-7.477711,-34.808956,1,0,0,8,Pitimbú
973,20,2026-05-14 15:18:49,71,Maceió,Em frente a desembocadura do riacho Engenho Velho,08.01,-7.477711,-34.808956,1,0,0,8,Pitimbú
1033,1170,2026-05-14 15:23:51,71,Maceió,Em frente a desembocadura do riacho Engenho Velho,08.01,-7.477711,-34.808956,1,0,0,8,Pitimbú
1093,0,2026-05-14 15:29:12,71,Maceió,Em frente a desembocadura do riacho Engenho Velho,08.01,-7.477711,-34.808956,1,0,0,8,Pitimbú
1144,200,2026-05-14 15:33:27,71,Maceió,Em frente a desembocadura do riacho Engenho Velho,08.01,-7.477711,-34.808956,1,0,0,8,Pitimbú
1233,1120,2026-05-14 15:41:40,71,Maceió,Em frente a desembocadura do riacho Engenho Velho,08.01,-7.477711,-34.808956,1,0,0,8,Pitimbú
1267,810,2026-05-27 10:55:40,71,Maceió,Em frente a desembocadura do riacho Engenho Velho,08.01,-7.477711,-34.808956,1,0,0,8,Pitimbú
1306,3600,2026-05-27 11:10:02,71,Maceió,Em frente a desembocadura do riacho Engenho Velho,08.01,-7.477711,-34.808956,1,0,0,8,Pitimbú
1344,1830,2026-05-29 11:57:46,71,Maceió,Em frente a desembocadura do riacho Engenho Velho,08.01,-7.477711,-34.808956,1,0,0,8,Pitimbú
1383,1800,2026-06-03 12:42:45,71,Maceió,Em frente a desembocadura do riacho Engenho Velho,08.01,-7.477711,-34.808956,1,0,0,8,Pitimbú
1562,450,2026-07-10 12:25:24,71,Maceió,Em frente a desembocadura do riacho Engenho Velho,08.01,-7.477711,-34.808956,1,0,0,8,Pitimbú
1607,140,2026-07-17 11:39:35,71,Maceió,Em frente a desembocadura do riacho Engenho Velho,08.01,-7.477711,-34.808956,1,0,0,8,Pitimbú
1686,850,2026-07-30 18:40:05,71,Maceió,Em frente a desembocadura do riacho Engenho Velho,08.01,-7.477711,-34.808956,1,0,0,8,Pitimbú
182,6600,2026-05-14 13:29:08,72,Riacho Eng. Velho,AVENIDA BEIRA MAR,F6,-7.476397,-34.809075,1,1,0,8,Pitimbú
183,0,2026-05-14 13:29:10,72,Riacho Eng. Velho,AVENIDA BEIRA MAR,F6,-7.476397,-34.809075,1,1,0,8,Pitimbú
186,0,2026-05-14 13:29:11,72,Riacho Eng. Velho,AVENIDA BEIRA MAR,F6,-7.476397,-34.809075,1,1,0,8,Pitimbú
187,0,2026-05-14 13:29:17,72,Riacho Eng. Velho,AVENIDA BEIRA MAR,F6,-7.476397,-34.809075,1,1,0,8,Pitimbú
494,3360,2026-05-14 14:27:34,72,Riacho Eng. Velho,AVENIDA BEIRA MAR,F6,-7.476397,-34.809075,1,1,0,8,Pitimbú
555,10600,2026-05-14 14:34:29,72,Riacho Eng. Velho,AVENIDA BEIRA MAR,F6,-7.476397,-34.809075,1,1,0,8,Pitimbú
678,10300,2026-05-14 14:48:29,72,Riacho Eng. Velho,AVENIDA BEIRA MAR,F6,-7.476397,-34.809075,1,1,0,8,Pitimbú
741,0,2026-05-14 14:54:35,72,Riacho Eng. Velho,AVENIDA BEIRA MAR,F6,-7.476397,-34.809075,1,1,0,8,Pitimbú
802,13800,2026-05-14 15:00:33,72,Riacho Eng. Velho,AVENIDA BEIRA MAR,F6,-7.476397,-34.809075,1,1,0,8,Pitimbú
863,45000,2026-05-14 15:09:10,72,Riacho Eng. Velho,AVENIDA BEIRA MAR,F6,-7.476397,-34.809075,1,1,0,8,Pitimbú
916,52000,2026-05-14 15:14:08,72,Riacho Eng. Velho,AVENIDA BEIRA MAR,F6,-7.476397,-34.809075,1,1,0,8,Pitimbú
968,1300,2026-05-14 15:18:30,72,Riacho Eng. Velho,AVENIDA BEIRA MAR,F6,-7.476397,-34.809075,1,1,0,8,Pitimbú
1039,31900,2026-05-14 15:24:16,72,Riacho Eng. Velho,AVENIDA BEIRA MAR,F6,-7.476397,-34.809075,1,1,0,8,Pitimbú
1089,2000,2026-05-14 15:28:40,72,Riacho Eng. Velho,AVENIDA BEIRA MAR,F6,-7.476397,-34.809075,1,1,0,8,Pitimbú
1140,7500,2026-05-14 15:33:07,72,Riacho Eng. Velho,AVENIDA BEIRA MAR,F6,-7.476397,-34.809075,1,1,0,8,Pitimbú
1223,2800,2026-05-14 15:40:47,72,Riacho Eng. Velho,AVENIDA BEIRA MAR,F6,-7.476397,-34.809075,1,1,0,8,Pitimbú
176,0,2026-05-14 13:28:11,73,Guarita,Em frente a desembocadura da Lagoa,08.02,-7.484214,-34.812419,1,0,0,8,Pitimbú
267,0,2026-05-14 13:41:54,73,Guarita,Em frente a desembocadura da Lagoa,08.02,-7.484214,-34.812419,1,0,0,8,Pitimbú
269,0,2026-05-14 13:41:55,73,Guarita,Em frente a desembocadura da Lagoa,08.02,-7.484214,-34.812419,1,0,0,8,Pitimbú
489,430,2026-05-14 14:27:01,73,Guarita,Em frente a desembocadura da Lagoa,08.02,-7.484214,-34.812419,1,0,0,8,Pitimbú
550,0,2026-05-14 14:33:59,73,Guarita,Em frente a desembocadura da Lagoa,08.02,-7.484214,-34.812419,1,0,0,8,Pitimbú
673,320,2026-05-14 14:48:10,73,Guarita,Em frente a desembocadura da Lagoa,08.02,-7.484214,-34.812419,1,0,0,8,Pitimbú
736,900,2026-05-14 14:54:15,73,Guarita,Em frente a desembocadura da Lagoa,08.02,-7.484214,-34.812419,1,0,0,8,Pitimbú
797,10,2026-05-14 15:00:13,73,Guarita,Em frente a desembocadura da Lagoa,08.02,-7.484214,-34.812419,1,0,0,8,Pitimbú
858,700,2026-05-14 15:08:50,73,Guarita,Em frente a desembocadura da Lagoa,08.02,-7.484214,-34.812419,1,0,0,8,Pitimbú
922,1070,2026-05-14 15:14:39,73,Guarita,Em frente a desembocadura da Lagoa,08.02,-7.484214,-34.812419,1,0,0,8,Pitimbú
974,0,2026-05-14 15:18:52,73,Guarita,Em frente a desembocadura da Lagoa,08.02,-7.484214,-34.812419,1,0,0,8,Pitimbú
1034,190,2026-05-14 15:23:54,73,Guarita,Em frente a desembocadura da Lagoa,08.02,-7.484214,-34.812419,1,0,0,8,Pitimbú
1094,90,2026-05-14 15:29:15,73,Guarita,Em frente a desembocadura da Lagoa,08.02,-7.484214,-34.812419,1,0,0,8,Pitimbú
1145,10,2026-05-14 15:33:29,73,Guarita,Em frente a desembocadura da Lagoa,08.02,-7.484214,-34.812419,1,0,0,8,Pitimbú
1234,250,2026-05-14 15:41:42,73,Guarita,Em frente a desembocadura da Lagoa,08.02,-7.484214,-34.812419,1,0,0,8,Pitimbú
1268,90,2026-05-27 10:56:11,73,Guarita,Em frente a desembocadura da Lagoa,08.02,-7.484214,-34.812419,1,0,0,8,Pitimbú
1307,0,2026-05-27 11:10:15,73,Guarita,Em frente a desembocadura da Lagoa,08.02,-7.484214,-34.812419,1,0,0,8,Pitimbú
1345,139,2026-05-29 11:57:48,73,Guarita,Em frente a desembocadura da Lagoa,08.02,-7.484214,-34.812419,1,0,0,8,Pitimbú
1384,20,2026-06-03 12:42:45,73,Guarita,Em frente a desembocadura da Lagoa,08.02,-7.484214,-34.812419,1,0,0,8,Pitimbú
1561,0,2026-07-10 12:25:23,73,Guarita,Em frente a desembocadura da Lagoa,08.02,-7.484214,-34.812419,1,0,0,8,Pitimbú
1606,20,2026-07-17 11:39:34,73,Guarita,Em frente a desembocadura da Lagoa,08.02,-7.484214,-34.812419,1,0,0,8,Pitimbú
1685,0,2026-07-30 18:40:05,73,Guarita,Em frente a desembocadura da Lagoa,08.02,-7.484214,-34.812419,1,0,0,8,Pitimbú
177,0,2026-05-14 13:28:19,74,Azul/Santa Rita,Em frente as galerias de águas pluviais,08.03,-7.510172,-34.809264,1,0,0,8,Pitimbú
263,0,2026-05-14 13:41:49,74,Azul/Santa Rita,Em frente as galerias de águas pluviais,08.03,-7.510172,-34.809264,1,0,0,8,Pitimbú
264,0,2026-05-14 13:41:50,74,Azul/Santa Rita,Em frente as galerias de águas pluviais,08.03,-7.510172,-34.809264,1,0,0,8,Pitimbú
266,0,2026-05-14 13:41:52,74,Azul/Santa Rita,Em frente as galerias de águas pluviais,08.03,-7.510172,-34.809264,1,0,0,8,Pitimbú
490,10,2026-05-14 14:27:07,74,Azul/Santa Rita,Em frente as galerias de águas pluviais,08.03,-7.510172,-34.809264,1,0,0,8,Pitimbú
551,25,2026-05-14 14:34:04,74,Azul/Santa Rita,Em frente as galerias de águas pluviais,08.03,-7.510172,-34.809264,1,0,0,8,Pitimbú
674,5,2026-05-14 14:48:13,74,Azul/Santa Rita,Em frente as galerias de águas pluviais,08.03,-7.510172,-34.809264,1,0,0,8,Pitimbú
737,240,2026-05-14 14:54:18,74,Azul/Santa Rita,Em frente as galerias de águas pluviais,08.03,-7.510172,-34.809264,1,0,0,8,Pitimbú
798,0,2026-05-14 15:00:16,74,Azul/Santa Rita,Em frente as galerias de águas pluviais,08.03,-7.510172,-34.809264,1,0,0,8,Pitimbú
859,15,2026-05-14 15:08:54,74,Azul/Santa Rita,Em frente as galerias de águas pluviais,08.03,-7.510172,-34.809264,1,0,0,8,Pitimbú
923,5,2026-05-14 15:14:41,74,Azul/Santa Rita,Em frente as galerias de águas pluviais,08.03,-7.510172,-34.809264,1,0,0,8,Pitimbú
975,130,2026-05-14 15:18:55,74,Azul/Santa Rita,Em frente as galerias de águas pluviais,08.03,-7.510172,-34.809264,1,0,0,8,Pitimbú
1035,100,2026-05-14 15:23:56,74,Azul/Santa Rita,Em frente as galerias de águas pluviais,08.03,-7.510172,-34.809264,1,0,0,8,Pitimbú
1095,5,2026-05-14 15:29:18,74,Azul/Santa Rita,Em frente as galerias de águas pluviais,08.03,-7.510172,-34.809264,1,0,0,8,Pitimbú
1146,5,2026-05-14 15:33:32,74,Azul/Santa Rita,Em frente as galerias de águas pluviais,08.03,-7.510172,-34.809264,1,0,0,8,Pitimbú
1235,385,2026-05-14 15:41:45,74,Azul/Santa Rita,Em frente as galerias de águas pluviais,08.03,-7.510172,-34.809264,1,0,0,8,Pitimbú
1269,45,2026-05-27 10:56:19,74,Azul/Santa Rita,Em frente as galerias de águas pluviais,08.03,-7.510172,-34.809264,1,0,0,8,Pitimbú
1308,5,2026-05-27 11:10:23,74,Azul/Santa Rita,Em frente as galerias de águas pluviais,08.03,-7.510172,-34.809264,1,0,0,8,Pitimbú
1343,280,2026-05-29 11:57:44,74,Azul/Santa Rita,Em frente as galerias de águas pluviais,08.03,-7.510172,-34.809264,1,0,0,8,Pitimbú
1385,10,2026-06-03 12:42:46,74,Azul/Santa Rita,Em frente as galerias de águas pluviais,08.03,-7.510172,-34.809264,1,0,0,8,Pitimbú
1560,5,2026-07-10 12:25:23,74,Azul/Santa Rita,Em frente as galerias de águas pluviais,08.03,-7.510172,-34.809264,1,0,0,8,Pitimbú
1605,0,2026-07-17 11:39:34,74,Azul/Santa Rita,Em frente as galerias de águas pluviais,08.03,-7.510172,-34.809264,1,0,0,8,Pitimbú
1684,220,2026-07-30 18:40:04,74,Azul/Santa Rita,Em frente as galerias de águas pluviais,08.03,-7.510172,-34.809264,1,0,0,8,Pitimbú
178,0,2026-05-14 13:28:24,75,Coqueiros,No final da Rua Almirante Tamandaré,08.04,-7.524203,-34.817161,1,0,0,8,Pitimbú
179,0,2026-05-14 13:28:27,75,Coqueiros,No final da Rua Almirante Tamandaré,08.04,-7.524203,-34.817161,1,0,0,8,Pitimbú
260,0,2026-05-14 13:41:46,75,Coqueiros,No final da Rua Almirante Tamandaré,08.04,-7.524203,-34.817161,1,0,0,8,Pitimbú
262,0,2026-05-14 13:41:47,75,Coqueiros,No final da Rua Almirante Tamandaré,08.04,-7.524203,-34.817161,1,0,0,8,Pitimbú
491,5,2026-05-14 14:27:15,75,Coqueiros,No final da Rua Almirante Tamandaré,08.04,-7.524203,-34.817161,1,0,0,8,Pitimbú
552,20,2026-05-14 14:34:08,75,Coqueiros,No final da Rua Almirante Tamandaré,08.04,-7.524203,-34.817161,1,0,0,8,Pitimbú
675,5,2026-05-14 14:48:16,75,Coqueiros,No final da Rua Almirante Tamandaré,08.04,-7.524203,-34.817161,1,0,0,8,Pitimbú
738,40,2026-05-14 14:54:20,75,Coqueiros,No final da Rua Almirante Tamandaré,08.04,-7.524203,-34.817161,1,0,0,8,Pitimbú
799,5,2026-05-14 15:00:20,75,Coqueiros,No final da Rua Almirante Tamandaré,08.04,-7.524203,-34.817161,1,0,0,8,Pitimbú
860,15,2026-05-14 15:08:57,75,Coqueiros,No final da Rua Almirante Tamandaré,08.04,-7.524203,-34.817161,1,0,0,8,Pitimbú
924,170,2026-05-14 15:14:43,75,Coqueiros,No final da Rua Almirante Tamandaré,08.04,-7.524203,-34.817161,1,0,0,8,Pitimbú
976,10,2026-05-14 15:18:57,75,Coqueiros,No final da Rua Almirante Tamandaré,08.04,-7.524203,-34.817161,1,0,0,8,Pitimbú
1036,5,2026-05-14 15:23:58,75,Coqueiros,No final da Rua Almirante Tamandaré,08.04,-7.524203,-34.817161,1,0,0,8,Pitimbú
1096,10,2026-05-14 15:29:22,75,Coqueiros,No final da Rua Almirante Tamandaré,08.04,-7.524203,-34.817161,1,0,0,8,Pitimbú
1147,45,2026-05-14 15:33:34,75,Coqueiros,No final da Rua Almirante Tamandaré,08.04,-7.524203,-34.817161,1,0,0,8,Pitimbú
1236,175,2026-05-14 15:41:48,75,Coqueiros,No final da Rua Almirante Tamandaré,08.04,-7.524203,-34.817161,1,0,0,8,Pitimbú
1270,335,2026-05-27 10:56:26,75,Coqueiros,No final da Rua Almirante Tamandaré,08.04,-7.524203,-34.817161,1,0,0,8,Pitimbú
1309,30,2026-05-27 11:10:30,75,Coqueiros,No final da Rua Almirante Tamandaré,08.04,-7.524203,-34.817161,1,0,0,8,Pitimbú
1342,25,2026-05-29 11:57:43,75,Coqueiros,No final da Rua Almirante Tamandaré,08.04,-7.524203,-34.817161,1,0,0,8,Pitimbú
1386,15,2026-06-03 12:42:47,75,Coqueiros,No final da Rua Almirante Tamandaré,08.04,-7.524203,-34.817161,1,0,0,8,Pitimbú
1559,0,2026-07-10 12:25:22,75,Coqueiros,No final da Rua Almirante Tamandaré,08.04,-7.524203,-34.817161,1,0,0,8,Pitimbú
1604,0,2026-07-17 11:39:33,75,Coqueiros,No final da Rua Almirante Tamandaré,08.04,-7.524203,-34.817161,1,0,0,8,Pitimbú
1683,40,2026-07-30 18:40:04,75,Coqueiros,No final da Rua Almirante Tamandaré,08.04,-7.524203,-34.817161,1,0,0,8,Pitimbú
180,0,2026-05-14 13:28:34,76,Ponta dos Coqueiros,Em frente a desembocadura da Lagoa,08.04 A,-7.536914,-34.822531,1,0,0,8,Pitimbú
181,30,2026-05-14 13:28:38,76,Ponta dos Coqueiros,Em frente a desembocadura da Lagoa,08.04 A,-7.536914,-34.822531,1,0,0,8,Pitimbú
257,0,2026-05-14 13:41:43,76,Ponta dos Coqueiros,Em frente a desembocadura da Lagoa,08.04 A,-7.536914,-34.822531,1,0,0,8,Pitimbú
259,0,2026-05-14 13:41:44,76,Ponta dos Coqueiros,Em frente a desembocadura da Lagoa,08.04 A,-7.536914,-34.822531,1,0,0,8,Pitimbú
492,15,2026-05-14 14:27:20,76,Ponta dos Coqueiros,Em frente a desembocadura da Lagoa,08.04 A,-7.536914,-34.822531,1,0,0,8,Pitimbú
553,10,2026-05-14 14:34:12,76,Ponta dos Coqueiros,Em frente a desembocadura da Lagoa,08.04 A,-7.536914,-34.822531,1,0,0,8,Pitimbú
676,25,2026-05-14 14:48:18,76,Ponta dos Coqueiros,Em frente a desembocadura da Lagoa,08.04 A,-7.536914,-34.822531,1,0,0,8,Pitimbú
739,265,2026-05-14 14:54:24,76,Ponta dos Coqueiros,Em frente a desembocadura da Lagoa,08.04 A,-7.536914,-34.822531,1,0,0,8,Pitimbú
800,0,2026-05-14 15:00:22,76,Ponta dos Coqueiros,Em frente a desembocadura da Lagoa,08.04 A,-7.536914,-34.822531,1,0,0,8,Pitimbú
861,60,2026-05-14 15:08:59,76,Ponta dos Coqueiros,Em frente a desembocadura da Lagoa,08.04 A,-7.536914,-34.822531,1,0,0,8,Pitimbú
925,5,2026-05-14 15:14:46,76,Ponta dos Coqueiros,Em frente a desembocadura da Lagoa,08.04 A,-7.536914,-34.822531,1,0,0,8,Pitimbú
977,10,2026-05-14 15:19:00,76,Ponta dos Coqueiros,Em frente a desembocadura da Lagoa,08.04 A,-7.536914,-34.822531,1,0,0,8,Pitimbú
1037,5,2026-05-14 15:24:01,76,Ponta dos Coqueiros,Em frente a desembocadura da Lagoa,08.04 A,-7.536914,-34.822531,1,0,0,8,Pitimbú
1097,475,2026-05-14 15:29:26,76,Ponta dos Coqueiros,Em frente a desembocadura da Lagoa,08.04 A,-7.536914,-34.822531,1,0,0,8,Pitimbú
1148,5,2026-05-14 15:33:36,76,Ponta dos Coqueiros,Em frente a desembocadura da Lagoa,08.04 A,-7.536914,-34.822531,1,0,0,8,Pitimbú
1237,75,2026-05-14 15:41:52,76,Ponta dos Coqueiros,Em frente a desembocadura da Lagoa,08.04 A,-7.536914,-34.822531,1,0,0,8,Pitimbú
1271,105,2026-05-27 10:56:34,76,Ponta dos Coqueiros,Em frente a desembocadura da Lagoa,08.04 A,-7.536914,-34.822531,1,0,0,8,Pitimbú
1310,5,2026-05-27 11:10:36,76,Ponta dos Coqueiros,Em frente a desembocadura da Lagoa,08.04 A,-7.536914,-34.822531,1,0,0,8,Pitimbú
1341,185,2026-05-29 11:57:43,76,Ponta dos Coqueiros,Em frente a desembocadura da Lagoa,08.04 A,-7.536914,-34.822531,1,0,0,8,Pitimbú
1387,5,2026-06-03 12:42:48,76,Ponta dos Coqueiros,Em frente a desembocadura da Lagoa,08.04 A,-7.536914,-34.822531,1,0,0,8,Pitimbú
1558,0,2026-07-10 12:25:22,76,Ponta dos Coqueiros,Em frente a desembocadura da Lagoa,08.04 A,-7.536914,-34.822531,1,0,0,8,Pitimbú
1603,45,2026-07-17 11:39:33,76,Ponta dos Coqueiros,Em frente a desembocadura da Lagoa,08.04 A,-7.536914,-34.822531,1,0,0,8,Pitimbú
1682,45,2026-07-30 18:40:03,76,Ponta dos Coqueiros,Em frente a desembocadura da Lagoa,08.04 A,-7.536914,-34.822531,1,0,0,8,Pitimbú
252,0,2026-05-14 13:41:34,77,Acaú/Pontinha,Em frente a desembocadura do Rio Goiana,08.05,-7.548439,-34.830778,1,0,0,8,Pitimbú
253,0,2026-05-14 13:41:36,77,Acaú/Pontinha,Em frente a desembocadura do Rio Goiana,08.05,-7.548439,-34.830778,1,0,0,8,Pitimbú
254,0,2026-05-14 13:41:37,77,Acaú/Pontinha,Em frente a desembocadura do Rio Goiana,08.05,-7.548439,-34.830778,1,0,0,8,Pitimbú
256,0,2026-05-14 13:41:38,77,Acaú/Pontinha,Em frente a desembocadura do Rio Goiana,08.05,-7.548439,-34.830778,1,0,0,8,Pitimbú
493,10,2026-05-14 14:27:26,77,Acaú/Pontinha,Em frente a desembocadura do Rio Goiana,08.05,-7.548439,-34.830778,1,0,0,8,Pitimbú
554,180,2026-05-14 14:34:20,77,Acaú/Pontinha,Em frente a desembocadura do Rio Goiana,08.05,-7.548439,-34.830778,1,0,0,8,Pitimbú
677,0,2026-05-14 14:48:20,77,Acaú/Pontinha,Em frente a desembocadura do Rio Goiana,08.05,-7.548439,-34.830778,1,0,0,8,Pitimbú
740,0,2026-05-14 14:54:26,77,Acaú/Pontinha,Em frente a desembocadura do Rio Goiana,08.05,-7.548439,-34.830778,1,0,0,8,Pitimbú
801,370,2026-05-14 15:00:24,77,Acaú/Pontinha,Em frente a desembocadura do Rio Goiana,08.05,-7.548439,-34.830778,1,0,0,8,Pitimbú
862,1100,2026-05-14 15:09:02,77,Acaú/Pontinha,Em frente a desembocadura do Rio Goiana,08.05,-7.548439,-34.830778,1,0,0,8,Pitimbú
926,0,2026-05-14 15:14:48,77,Acaú/Pontinha,Em frente a desembocadura do Rio Goiana,08.05,-7.548439,-34.830778,1,0,0,8,Pitimbú
978,100,2026-05-14 15:19:02,77,Acaú/Pontinha,Em frente a desembocadura do Rio Goiana,08.05,-7.548439,-34.830778,1,0,0,8,Pitimbú
1038,40,2026-05-14 15:24:04,77,Acaú/Pontinha,Em frente a desembocadura do Rio Goiana,08.05,-7.548439,-34.830778,1,0,0,8,Pitimbú
1098,440,2026-05-14 15:29:28,77,Acaú/Pontinha,Em frente a desembocadura do Rio Goiana,08.05,-7.548439,-34.830778,1,0,0,8,Pitimbú
1149,390,2026-05-14 15:33:43,77,Acaú/Pontinha,Em frente a desembocadura do Rio Goiana,08.05,-7.548439,-34.830778,1,0,0,8,Pitimbú
1238,780,2026-05-14 15:41:54,77,Acaú/Pontinha,Em frente a desembocadura do Rio Goiana,08.05,-7.548439,-34.830778,1,0,0,8,Pitimbú
1272,2650,2026-05-27 10:56:51,77,Acaú/Pontinha,Em frente a desembocadura do Rio Goiana,08.05,-7.548439,-34.830778,1,0,0,8,Pitimbú
1311,150,2026-05-27 11:10:43,77,Acaú/Pontinha,Em frente a desembocadura do Rio Goiana,08.05,-7.548439,-34.830778,1,0,0,8,Pitimbú
1340,1100,2026-05-29 11:57:42,77,Acaú/Pontinha,Em frente a desembocadura do Rio Goiana,08.05,-7.548439,-34.830778,1,0,0,8,Pitimbú
1388,1260,2026-06-03 12:42:49,77,Acaú/Pontinha,Em frente a desembocadura do Rio Goiana,08.05,-7.548439,-34.830778,1,0,0,8,Pitimbú
1557,150,2026-07-10 12:25:21,77,Acaú/Pontinha,Em frente a desembocadura do Rio Goiana,08.05,-7.548439,-34.830778,1,0,0,8,Pitimbú
1602,1320,2026-07-17 11:39:32,77,Acaú/Pontinha,Em frente a desembocadura do Rio Goiana,08.05,-7.548439,-34.830778,1,0,0,8,Pitimbú
1681,0,2026-07-30 18:40:03,77,Acaú/Pontinha,Em frente a desembocadura do Rio Goiana,08.05,-7.548439,-34.830778,1,0,0,8,Pitimbú
